epoch,step,train/mfm_acc,train/mfm_loss_epoch,train/mfm_loss_step,val/mfm_acc,val/mfm_loss
0,9,,,2.8908095359802246,,
0,19,,,2.830383539199829,,
0,29,,,2.789036989212036,,
0,39,,,2.787815570831299,,
0,49,,,2.7837438583374023,,
0,59,,,2.7828786373138428,,
0,69,,,2.777559995651245,,
0,79,,,2.7779417037963867,,
0,89,,,2.7698557376861572,,
0,99,,,2.759282112121582,,
0,109,,,2.759810209274292,,
0,119,,,2.758906841278076,,
0,129,,,2.7603859901428223,,
0,139,,,2.7453081607818604,,
0,149,,,2.7382686138153076,,
0,159,,,2.736299514770508,,
0,169,,,2.740940570831299,,
0,179,,,2.726384401321411,,
0,189,,,2.7239794731140137,,
0,199,,,2.7190966606140137,,
0,209,,,2.712540626525879,,
0,219,,,2.7142488956451416,,
0,229,,,2.703608512878418,,
0,239,,,2.6844143867492676,,
0,249,,,2.6999599933624268,,
0,259,,,2.69187068939209,,
0,269,,,2.6910276412963867,,
0,279,,,2.668041944503784,,
0,289,,,2.6701605319976807,,
0,299,,,2.6543033123016357,,
0,309,,,2.6519651412963867,,
0,319,,,2.630887985229492,,
0,329,,,2.6347720623016357,,
0,339,,,2.6471970081329346,,
0,349,,,2.6198880672454834,,
0,359,,,2.6128804683685303,,
0,369,,,2.603407382965088,,
0,379,,,2.598228931427002,,
0,389,,,2.597977638244629,,
0,399,,,2.5853681564331055,,
0,409,,,2.5724756717681885,,
0,419,,,2.5782077312469482,,
0,429,,,2.5706846714019775,,
0,439,,,2.5617175102233887,,
0,449,,,2.5598151683807373,,
0,459,,,2.56874418258667,,
0,469,,,2.5366766452789307,,
0,479,,,2.5276362895965576,,
0,489,,,2.519502639770508,,
0,499,,,2.5170819759368896,,
0,509,,,2.503101348876953,,
0,519,,,2.5082132816314697,,
0,529,,,2.4964849948883057,,
0,539,,,2.495826482772827,,
0,549,,,2.481661558151245,,
0,559,,,2.500607490539551,,
0,569,,,2.5091230869293213,,
0,579,,,2.4725704193115234,,
0,589,,,2.483309268951416,,
0,599,,,2.468276023864746,,
0,607,,,,0.25662365555763245,2.4360408782958984
0,607,0.2089380919933319,2.6462416648864746,,,
1,609,,,2.4785728454589844,,
1,619,,,2.413540840148926,,
1,629,,,2.4666824340820312,,
1,639,,,2.427279472351074,,
1,649,,,2.4047391414642334,,
1,659,,,2.4138588905334473,,
1,669,,,2.433809995651245,,
1,679,,,2.42669415473938,,
1,689,,,2.40272855758667,,
1,699,,,2.4229342937469482,,
1,709,,,2.408177614212036,,
1,719,,,2.3868110179901123,,
1,729,,,2.3825533390045166,,
1,739,,,2.3700058460235596,,
1,749,,,2.420030117034912,,
1,759,,,2.3585941791534424,,
1,769,,,2.4000344276428223,,
1,779,,,2.3656351566314697,,
1,789,,,2.349580764770508,,
1,799,,,2.3620755672454834,,
1,809,,,2.3618719577789307,,
1,819,,,2.3601162433624268,,
1,829,,,2.332829713821411,,
1,839,,,2.363656520843506,,
1,849,,,2.354466676712036,,
1,859,,,2.307612419128418,,
1,869,,,2.4013559818267822,,
1,879,,,2.349426507949829,,
1,889,,,2.307356357574463,,
1,899,,,2.3285512924194336,,
1,909,,,2.3590123653411865,,
1,919,,,2.2930212020874023,,
1,929,,,2.3214831352233887,,
1,939,,,2.361447334289551,,
1,949,,,2.31061053276062,,
1,959,,,2.301091432571411,,
1,969,,,2.3492562770843506,,
1,979,,,2.3229146003723145,,
1,989,,,2.2808682918548584,,
1,999,,,2.33014178276062,,
1,1009,,,2.281914710998535,,
1,1019,,,2.300835371017456,,
1,1029,,,2.273240327835083,,
1,1039,,,2.2767441272735596,,
1,1049,,,2.329916000366211,,
1,1059,,,2.2949535846710205,,
1,1069,,,2.2819721698760986,,
1,1079,,,2.318092107772827,,
1,1089,,,2.2522854804992676,,
1,1099,,,2.3148300647735596,,
1,1109,,,2.2796785831451416,,
1,1119,,,2.31791090965271,,
1,1129,,,2.238069772720337,,
1,1139,,,2.2761571407318115,,
1,1149,,,2.2164103984832764,,
1,1159,,,2.227405548095703,,
1,1169,,,2.263942241668701,,
1,1179,,,2.225951671600342,,
1,1189,,,2.2717435359954834,,
1,1199,,,2.3160817623138428,,
1,1209,,,2.2610507011413574,,
1,1215,,,,0.2867218554019928,2.235097646713257
1,1215,0.27070826292037964,2.3347902297973633,,,
2,1219,,,2.251953125,,
2,1229,,,2.2728028297424316,,
2,1239,,,2.2727789878845215,,
2,1249,,,2.2841176986694336,,
2,1259,,,2.214942455291748,,
2,1269,,,2.2604687213897705,,
2,1279,,,2.2034988403320312,,
2,1289,,,2.2293314933776855,,
2,1299,,,2.2710580825805664,,
2,1309,,,2.2563984394073486,,
2,1319,,,2.1837146282196045,,
2,1329,,,2.2856557369232178,,
2,1339,,,2.221857786178589,,
2,1349,,,2.236466407775879,,
2,1359,,,2.2141566276550293,,
2,1369,,,2.216289520263672,,
2,1379,,,2.2007908821105957,,
2,1389,,,2.2311527729034424,,
2,1399,,,2.208183526992798,,
2,1409,,,2.1855897903442383,,
2,1419,,,2.222848653793335,,
2,1429,,,2.19879412651062,,
2,1439,,,2.173304796218872,,
2,1449,,,2.1986701488494873,,
2,1459,,,2.1941258907318115,,
2,1469,,,2.184959888458252,,
2,1479,,,2.199531316757202,,
2,1489,,,2.2637529373168945,,
2,1499,,,2.1737964153289795,,
2,1509,,,2.2368505001068115,,
2,1519,,,2.2432355880737305,,
2,1529,,,2.223794937133789,,
2,1539,,,2.214993953704834,,
2,1549,,,2.1922595500946045,,
2,1559,,,2.1894333362579346,,
2,1569,,,2.175739049911499,,
2,1579,,,2.223702907562256,,
2,1589,,,2.1851556301116943,,
2,1599,,,2.211148977279663,,
2,1609,,,2.1991186141967773,,
2,1619,,,2.224839210510254,,
2,1629,,,2.184938430786133,,
2,1639,,,2.198901414871216,,
2,1649,,,2.213324785232544,,
2,1659,,,2.1415507793426514,,
2,1669,,,2.242795944213867,,
2,1679,,,2.1967337131500244,,
2,1689,,,2.2458322048187256,,
2,1699,,,2.171116352081299,,
2,1709,,,2.205665111541748,,
2,1719,,,2.210836410522461,,
2,1729,,,2.2047250270843506,,
2,1739,,,2.1555747985839844,,
2,1749,,,2.147810935974121,,
2,1759,,,2.2166903018951416,,
2,1769,,,2.1461234092712402,,
2,1779,,,2.1228082180023193,,
2,1789,,,2.3042938709259033,,
2,1799,,,2.144273519515991,,
2,1809,,,2.167067766189575,,
2,1819,,,2.2262237071990967,,
2,1823,,,,0.29553210735321045,2.154951333999634
2,1823,0.2879278063774109,2.206275224685669,,,
3,1829,,,2.1253483295440674,,
3,1839,,,2.1593594551086426,,
3,1849,,,2.1803293228149414,,
3,1859,,,2.2215635776519775,,
3,1869,,,2.166282892227173,,
3,1879,,,2.2588064670562744,,
3,1889,,,2.1179230213165283,,
3,1899,,,2.203117847442627,,
3,1909,,,2.175464630126953,,
3,1919,,,2.164940357208252,,
3,1929,,,2.157860279083252,,
3,1939,,,2.1875171661376953,,
3,1949,,,2.135554552078247,,
3,1959,,,2.200575351715088,,
3,1969,,,2.2000629901885986,,
3,1979,,,2.22993803024292,,
3,1989,,,2.111964225769043,,
3,1999,,,2.1842072010040283,,
3,2009,,,2.242586612701416,,
3,2019,,,2.1582114696502686,,
3,2029,,,2.122474193572998,,
3,2039,,,2.099386692047119,,
3,2049,,,2.108534097671509,,
3,2059,,,2.1675636768341064,,
3,2069,,,2.14817476272583,,
3,2079,,,2.178722858428955,,
3,2089,,,2.1485588550567627,,
3,2099,,,2.1293540000915527,,
3,2109,,,2.1825850009918213,,
3,2119,,,2.130178928375244,,
3,2129,,,2.2147789001464844,,
3,2139,,,2.1119325160980225,,
3,2149,,,2.071636199951172,,
3,2159,,,2.1399085521698,,
3,2169,,,2.1093618869781494,,
3,2179,,,2.129549503326416,,
3,2189,,,2.1092982292175293,,
3,2199,,,2.096505880355835,,
3,2209,,,2.1284143924713135,,
3,2219,,,2.111616373062134,,
3,2229,,,2.087027072906494,,
3,2239,,,2.0989139080047607,,
3,2249,,,2.0951802730560303,,
3,2259,,,2.240194320678711,,
3,2269,,,2.140230894088745,,
3,2279,,,2.1920006275177,,
3,2289,,,2.1389541625976562,,
3,2299,,,2.1850948333740234,,
3,2309,,,2.1585187911987305,,
3,2319,,,2.190058708190918,,
3,2329,,,2.157411575317383,,
3,2339,,,2.176633834838867,,
3,2349,,,2.1394166946411133,,
3,2359,,,2.17667555809021,,
3,2369,,,2.1031999588012695,,
3,2379,,,2.094329357147217,,
3,2389,,,2.1310935020446777,,
3,2399,,,2.1537325382232666,,
3,2409,,,2.0969974994659424,,
3,2419,,,2.096266508102417,,
3,2429,,,2.117008924484253,,
3,2431,,,,0.3004436790943146,2.1206271648406982
3,2431,0.2946864664554596,2.1506412029266357,,,
4,2439,,,2.1558306217193604,,
4,2449,,,2.1435964107513428,,
4,2459,,,2.1208889484405518,,
4,2469,,,2.09086275100708,,
4,2479,,,2.08954119682312,,
4,2489,,,2.2084341049194336,,
4,2499,,,2.1490395069122314,,
4,2509,,,2.191223382949829,,
4,2519,,,2.1818912029266357,,
4,2529,,,2.143205165863037,,
4,2539,,,2.0998218059539795,,
4,2549,,,2.1283631324768066,,
4,2559,,,2.2049131393432617,,
4,2569,,,2.0474753379821777,,
4,2579,,,2.107832193374634,,
4,2589,,,2.1144208908081055,,
4,2599,,,2.0706377029418945,,
4,2609,,,2.151176691055298,,
4,2619,,,2.153092384338379,,
4,2629,,,2.0786936283111572,,
4,2639,,,2.1771883964538574,,
4,2649,,,2.1525957584381104,,
4,2659,,,2.0528104305267334,,
4,2669,,,2.029879331588745,,
4,2679,,,2.1226515769958496,,
4,2689,,,2.1086323261260986,,
4,2699,,,2.0441746711730957,,
4,2709,,,2.158421516418457,,
4,2719,,,2.0782291889190674,,
4,2729,,,2.125880241394043,,
4,2739,,,2.1168391704559326,,
4,2749,,,2.0862691402435303,,
4,2759,,,2.1281721591949463,,
4,2769,,,2.0421667098999023,,
4,2779,,,2.228879451751709,,
4,2789,,,2.0602428913116455,,
4,2799,,,2.0255844593048096,,
4,2809,,,2.074583053588867,,
4,2819,,,2.2118141651153564,,
4,2829,,,2.1385996341705322,,
4,2839,,,2.0196614265441895,,
4,2849,,,2.1074962615966797,,
4,2859,,,2.199220895767212,,
4,2869,,,2.0501582622528076,,
4,2879,,,2.124051570892334,,
4,2889,,,2.1240720748901367,,
4,2899,,,2.110442638397217,,
4,2909,,,2.379347562789917,,
4,2919,,,2.0449516773223877,,
4,2929,,,2.098724126815796,,
4,2939,,,2.2025723457336426,,
4,2949,,,2.094219207763672,,
4,2959,,,2.1113550662994385,,
4,2969,,,2.2030563354492188,,
4,2979,,,2.1282284259796143,,
4,2989,,,2.1444859504699707,,
4,2999,,,2.001941680908203,,
4,3009,,,2.1441214084625244,,
4,3019,,,2.1674582958221436,,
4,3029,,,2.137634515762329,,
4,3039,,,2.075791835784912,,
4,3039,,,,0.3024570345878601,2.094346284866333
4,3039,0.2987915277481079,2.1224353313446045,,,
5,3049,,,2.0171971321105957,,
5,3059,,,2.132742404937744,,
5,3069,,,2.1456642150878906,,
5,3079,,,2.0968496799468994,,
5,3089,,,2.155021905899048,,
5,3099,,,2.101375102996826,,
5,3109,,,2.066357135772705,,
5,3119,,,2.063877820968628,,
5,3129,,,2.0650508403778076,,
5,3139,,,2.1483817100524902,,
5,3149,,,2.1112873554229736,,
5,3159,,,2.1049623489379883,,
5,3169,,,2.139073371887207,,
5,3179,,,2.10251522064209,,
5,3189,,,2.083566904067993,,
5,3199,,,2.1912715435028076,,
5,3209,,,2.100963592529297,,
5,3219,,,2.0954391956329346,,
5,3229,,,2.1492857933044434,,
5,3239,,,2.1673290729522705,,
5,3249,,,2.1509151458740234,,
5,3259,,,2.150735378265381,,
5,3269,,,2.0314979553222656,,
5,3279,,,2.030179262161255,,
5,3289,,,2.0666215419769287,,
5,3299,,,2.1395485401153564,,
5,3309,,,2.0913240909576416,,
5,3319,,,2.1023924350738525,,
5,3329,,,2.1393773555755615,,
5,3339,,,2.115107297897339,,
5,3349,,,2.120488405227661,,
5,3359,,,2.141634464263916,,
5,3369,,,2.058458089828491,,
5,3379,,,2.0885303020477295,,
5,3389,,,2.179283618927002,,
5,3399,,,2.0549604892730713,,
5,3409,,,2.1437628269195557,,
5,3419,,,2.021900177001953,,
5,3429,,,2.1553962230682373,,
5,3439,,,2.17510986328125,,
5,3449,,,2.0549633502960205,,
5,3459,,,2.0543196201324463,,
5,3469,,,2.0584123134613037,,
5,3479,,,2.096625566482544,,
5,3489,,,2.0636744499206543,,
5,3499,,,2.072443962097168,,
5,3509,,,2.095215082168579,,
5,3519,,,2.1579384803771973,,
5,3529,,,2.19018292427063,,
5,3539,,,2.050563335418701,,
5,3549,,,2.153604745864868,,
5,3559,,,2.162071943283081,,
5,3569,,,2.1673591136932373,,
5,3579,,,2.073394775390625,,
5,3589,,,2.211822271347046,,
5,3599,,,2.081859827041626,,
5,3609,,,2.1860923767089844,,
5,3619,,,2.0802276134490967,,
5,3629,,,2.119325876235962,,
5,3639,,,2.1550614833831787,,
5,3647,,,,0.3010464906692505,2.0967345237731934
5,3647,0.3010071814060211,2.1067280769348145,,,
6,3649,,,2.1210546493530273,,
6,3659,,,2.123138904571533,,
6,3669,,,2.0321292877197266,,
6,3679,,,2.047004461288452,,
6,3689,,,2.1145987510681152,,
6,3699,,,2.070513963699341,,
6,3709,,,2.112718343734741,,
6,3719,,,2.0818002223968506,,
6,3729,,,2.0621063709259033,,
6,3739,,,2.077352523803711,,
6,3749,,,2.0146968364715576,,
6,3759,,,2.016005754470825,,
6,3769,,,2.159467935562134,,
6,3779,,,2.1489970684051514,,
6,3789,,,2.098693609237671,,
6,3799,,,2.1465203762054443,,
6,3809,,,1.972357988357544,,
6,3819,,,2.133525848388672,,
6,3829,,,2.0572540760040283,,
6,3839,,,2.0805704593658447,,
6,3849,,,2.0492308139801025,,
6,3859,,,2.0107369422912598,,
6,3869,,,2.0207481384277344,,
6,3879,,,1.9878185987472534,,
6,3889,,,2.1090593338012695,,
6,3899,,,2.0784380435943604,,
6,3909,,,2.0658974647521973,,
6,3919,,,2.1034178733825684,,
6,3929,,,2.12726092338562,,
6,3939,,,2.1528563499450684,,
6,3949,,,2.025193929672241,,
6,3959,,,2.137479305267334,,
6,3969,,,2.127626895904541,,
6,3979,,,2.0765740871429443,,
6,3989,,,1.9891235828399658,,
6,3999,,,2.0270133018493652,,
6,4009,,,2.114380121231079,,
6,4019,,,2.065622329711914,,
6,4029,,,2.086961030960083,,
6,4039,,,2.093740701675415,,
6,4049,,,2.088386058807373,,
6,4059,,,2.0522327423095703,,
6,4069,,,2.0672359466552734,,
6,4079,,,2.078907012939453,,
6,4089,,,1.9664137363433838,,
6,4099,,,2.0760245323181152,,
6,4109,,,2.134032964706421,,
6,4119,,,2.017881155014038,,
6,4129,,,2.1403000354766846,,
6,4139,,,2.087151288986206,,
6,4149,,,2.122011661529541,,
6,4159,,,2.038341522216797,,
6,4169,,,2.150324583053589,,
6,4179,,,2.1002941131591797,,
6,4189,,,2.035921096801758,,
6,4199,,,2.145684242248535,,
6,4209,,,2.0645511150360107,,
6,4219,,,2.160576343536377,,
6,4229,,,2.1909379959106445,,
6,4239,,,2.064072608947754,,
6,4249,,,2.1953136920928955,,
6,4255,,,,0.30535539984703064,2.084001064300537
6,4255,0.30369776487350464,2.092935085296631,,,
7,4259,,,2.158623456954956,,
7,4269,,,2.078970432281494,,
7,4279,,,2.1314244270324707,,
7,4289,,,2.0852277278900146,,
7,4299,,,2.0793685913085938,,
7,4309,,,2.0464634895324707,,
7,4319,,,2.068516731262207,,
7,4329,,,2.0280280113220215,,
7,4339,,,2.002741575241089,,
7,4349,,,1.9552189111709595,,
7,4359,,,2.0963850021362305,,
7,4369,,,2.2152087688446045,,
7,4379,,,2.077160358428955,,
7,4389,,,2.0434610843658447,,
7,4399,,,2.1346421241760254,,
7,4409,,,2.098358154296875,,
7,4419,,,2.045905590057373,,
7,4429,,,2.0528652667999268,,
7,4439,,,2.0226330757141113,,
7,4449,,,2.105574131011963,,
7,4459,,,2.2004172801971436,,
7,4469,,,2.0409066677093506,,
7,4479,,,2.087907314300537,,
7,4489,,,2.010366916656494,,
7,4499,,,2.0663623809814453,,
7,4509,,,2.0547447204589844,,
7,4519,,,2.1522328853607178,,
7,4529,,,2.151940107345581,,
7,4539,,,2.1017470359802246,,
7,4549,,,2.1221323013305664,,
7,4559,,,2.087940216064453,,
7,4569,,,2.008033514022827,,
7,4579,,,2.1322600841522217,,
7,4589,,,2.1088993549346924,,
7,4599,,,2.063756227493286,,
7,4609,,,2.0706870555877686,,
7,4619,,,1.9300569295883179,,
7,4629,,,2.1491341590881348,,
7,4639,,,2.100759744644165,,
7,4649,,,2.062767267227173,,
7,4659,,,2.0104594230651855,,
7,4669,,,2.0279688835144043,,
7,4679,,,2.1745083332061768,,
7,4689,,,2.082882881164551,,
7,4699,,,2.05889630317688,,
7,4709,,,2.1480495929718018,,
7,4719,,,1.989192247390747,,
7,4729,,,2.123361825942993,,
7,4739,,,2.1439120769500732,,
7,4749,,,1.9860925674438477,,
7,4759,,,2.181826591491699,,
7,4769,,,2.1325247287750244,,
7,4779,,,1.9954968690872192,,
7,4789,,,2.0794074535369873,,
7,4799,,,2.049271583557129,,
7,4809,,,2.144719362258911,,
7,4819,,,2.00795841217041,,
7,4829,,,2.0054376125335693,,
7,4839,,,2.0747292041778564,,
7,4849,,,2.041356086730957,,
7,4859,,,2.132232666015625,,
7,4863,,,,0.3099463880062103,2.066565990447998
7,4863,0.30478018522262573,2.0871779918670654,,,
8,4869,,,2.029416084289551,,
8,4879,,,2.1091530323028564,,
8,4889,,,2.1073272228240967,,
8,4899,,,2.0259127616882324,,
8,4909,,,2.116133451461792,,
8,4919,,,1.9982668161392212,,
8,4929,,,2.0192933082580566,,
8,4939,,,2.080836772918701,,
8,4949,,,2.083296775817871,,
8,4959,,,2.1285464763641357,,
8,4969,,,2.160515785217285,,
8,4979,,,2.056425094604492,,
8,4989,,,2.083696126937866,,
8,4999,,,2.1047475337982178,,
8,5009,,,2.0894386768341064,,
8,5019,,,2.037912607192993,,
8,5029,,,1.9930753707885742,,
8,5039,,,2.147982597351074,,
8,5049,,,2.1594529151916504,,
8,5059,,,2.018099308013916,,
8,5069,,,2.0580406188964844,,
8,5079,,,2.1329538822174072,,
8,5089,,,2.060802936553955,,
8,5099,,,1.8871310949325562,,
8,5109,,,2.0871825218200684,,
8,5119,,,2.0801305770874023,,
8,5129,,,2.0933547019958496,,
8,5139,,,2.1311075687408447,,
8,5149,,,2.1452929973602295,,
8,5159,,,2.08266019821167,,
8,5169,,,2.003361940383911,,
8,5179,,,2.017019510269165,,
8,5189,,,2.083634853363037,,
8,5199,,,2.04842472076416,,
8,5209,,,2.0630383491516113,,
8,5219,,,2.098073720932007,,
8,5229,,,2.090675115585327,,
8,5239,,,2.0515189170837402,,
8,5249,,,2.0750515460968018,,
8,5259,,,1.9405561685562134,,
8,5269,,,2.1190717220306396,,
8,5279,,,1.973157286643982,,
8,5289,,,2.06303334236145,,
8,5299,,,2.122936725616455,,
8,5309,,,2.1859750747680664,,
8,5319,,,2.080965042114258,,
8,5329,,,2.189725399017334,,
8,5339,,,2.137464761734009,,
8,5349,,,2.082029342651367,,
8,5359,,,2.1219656467437744,,
8,5369,,,2.017803907394409,,
8,5379,,,2.2779922485351562,,
8,5389,,,2.036189556121826,,
8,5399,,,2.034162998199463,,
8,5409,,,2.0825517177581787,,
8,5419,,,1.9938992261886597,,
8,5429,,,2.068016529083252,,
8,5439,,,2.082242727279663,,
8,5449,,,2.1206674575805664,,
8,5459,,,2.1055283546447754,,
8,5469,,,2.0923986434936523,,
8,5471,,,,0.309882253408432,2.066293716430664
8,5471,0.30722835659980774,2.078216075897217,,,
9,5479,,,2.153878688812256,,
9,5489,,,2.065092086791992,,
9,5499,,,2.0728297233581543,,
9,5509,,,2.0177276134490967,,
9,5519,,,2.1868999004364014,,
9,5529,,,2.0664451122283936,,
9,5539,,,2.140944719314575,,
9,5549,,,2.0561904907226562,,
9,5559,,,2.022810935974121,,
9,5569,,,2.124532461166382,,
9,5579,,,2.119943857192993,,
9,5589,,,2.0484542846679688,,
9,5599,,,2.0276951789855957,,
9,5609,,,2.06480073928833,,
9,5619,,,2.0317156314849854,,
9,5629,,,1.9566888809204102,,
9,5639,,,2.1688482761383057,,
9,5649,,,2.064788818359375,,
9,5659,,,2.0267131328582764,,
9,5669,,,2.1451895236968994,,
9,5679,,,2.0363128185272217,,
9,5689,,,2.063408851623535,,
9,5699,,,2.0800721645355225,,
9,5709,,,2.152200222015381,,
9,5719,,,1.923572063446045,,
9,5729,,,2.089177370071411,,
9,5739,,,2.0821990966796875,,
9,5749,,,2.031287908554077,,
9,5759,,,2.0820581912994385,,
9,5769,,,2.0862882137298584,,
9,5779,,,2.132888078689575,,
9,5789,,,2.0016257762908936,,
9,5799,,,1.986108660697937,,
9,5809,,,2.033946990966797,,
9,5819,,,2.140409231185913,,
9,5829,,,2.064516305923462,,
9,5839,,,2.0333163738250732,,
9,5849,,,2.1101322174072266,,
9,5859,,,2.041210651397705,,
9,5869,,,1.9993705749511719,,
9,5879,,,2.0260837078094482,,
9,5889,,,2.103421688079834,,
9,5899,,,2.0960693359375,,
9,5909,,,2.0441744327545166,,
9,5919,,,2.0095102787017822,,
9,5929,,,2.0163755416870117,,
9,5939,,,2.057966470718384,,
9,5949,,,2.121715545654297,,
9,5959,,,2.0921809673309326,,
9,5969,,,2.0968048572540283,,
9,5979,,,2.055757522583008,,
9,5989,,,1.9460850954055786,,
9,5999,,,2.0123963356018066,,
9,6009,,,2.011227607727051,,
9,6019,,,2.140510082244873,,
9,6029,,,2.160574436187744,,
9,6039,,,2.0395941734313965,,
9,6049,,,2.1884806156158447,,
9,6059,,,2.105285406112671,,
9,6069,,,2.1261351108551025,,
9,6079,,,2.0571436882019043,,
9,6079,,,,0.3099464476108551,2.0626749992370605
9,6079,0.30707910656929016,2.07558012008667,,,
10,6089,,,2.019508123397827,,
10,6099,,,2.247683525085449,,
10,6109,,,2.05090069770813,,
10,6119,,,2.00236177444458,,
10,6129,,,1.9998207092285156,,
10,6139,,,2.0359132289886475,,
10,6149,,,2.005711078643799,,
10,6159,,,2.207721471786499,,
10,6169,,,2.0189454555511475,,
10,6179,,,2.0851776599884033,,
10,6189,,,2.1216394901275635,,
10,6199,,,2.128614664077759,,
10,6209,,,2.0321574211120605,,
10,6219,,,2.0047028064727783,,
10,6229,,,2.1799252033233643,,
10,6239,,,2.034566879272461,,
10,6249,,,2.0388059616088867,,
10,6259,,,2.012653112411499,,
10,6269,,,2.059098720550537,,
10,6279,,,2.0176093578338623,,
10,6289,,,2.028352975845337,,
10,6299,,,2.0431225299835205,,
10,6309,,,2.053227424621582,,
10,6319,,,2.027493715286255,,
10,6329,,,2.1070032119750977,,
10,6339,,,2.119572877883911,,
10,6349,,,2.071580410003662,,
10,6359,,,2.095304012298584,,
10,6369,,,2.1119349002838135,,
10,6379,,,2.0369086265563965,,
10,6389,,,1.9924503564834595,,
10,6399,,,2.0522894859313965,,
10,6409,,,2.0242557525634766,,
10,6419,,,2.147109031677246,,
10,6429,,,2.149247169494629,,
10,6439,,,2.0715324878692627,,
10,6449,,,2.129145622253418,,
10,6459,,,2.0230700969696045,,
10,6469,,,2.0440640449523926,,
10,6479,,,2.0028634071350098,,
10,6489,,,1.9868128299713135,,
10,6499,,,2.0292367935180664,,
10,6509,,,2.034315586090088,,
10,6519,,,2.109612226486206,,
10,6529,,,1.935241937637329,,
10,6539,,,2.1003947257995605,,
10,6549,,,2.0197701454162598,,
10,6559,,,1.9653078317642212,,
10,6569,,,2.08140230178833,,
10,6579,,,2.0575342178344727,,
10,6589,,,2.1154680252075195,,
10,6599,,,2.0226829051971436,,
10,6609,,,2.073333263397217,,
10,6619,,,2.085097312927246,,
10,6629,,,2.2224347591400146,,
10,6639,,,2.2625839710235596,,
10,6649,,,1.898852825164795,,
10,6659,,,2.0777318477630615,,
10,6669,,,2.1453611850738525,,
10,6679,,,1.9620938301086426,,
10,6687,,,,0.3079201579093933,2.0624728202819824
10,6687,0.3096769154071808,2.065969467163086,,,
11,6689,,,2.1048226356506348,,
11,6699,,,1.9810103178024292,,
11,6709,,,2.1856720447540283,,
11,6719,,,2.01275897026062,,
11,6729,,,2.054612874984741,,
11,6739,,,2.010237216949463,,
11,6749,,,2.0226643085479736,,
11,6759,,,2.0406620502471924,,
11,6769,,,2.0885260105133057,,
11,6779,,,2.162595748901367,,
11,6789,,,2.00091290473938,,
11,6799,,,2.1051251888275146,,
11,6809,,,2.234614372253418,,
11,6819,,,2.041097640991211,,
11,6829,,,2.2319183349609375,,
11,6839,,,2.036534070968628,,
11,6849,,,2.000744342803955,,
11,6859,,,1.9565783739089966,,
11,6869,,,2.0220091342926025,,
11,6879,,,2.123974561691284,,
11,6889,,,1.9414136409759521,,
11,6899,,,2.118290901184082,,
11,6909,,,2.011672258377075,,
11,6919,,,2.1202187538146973,,
11,6929,,,2.1301324367523193,,
11,6939,,,2.0551044940948486,,
11,6949,,,2.075580596923828,,
11,6959,,,2.1392924785614014,,
11,6969,,,2.0695459842681885,,
11,6979,,,2.1324617862701416,,
11,6989,,,2.094031810760498,,
11,6999,,,2.1374850273132324,,
11,7009,,,2.0692572593688965,,
11,7019,,,2.088287830352783,,
11,7029,,,2.0349442958831787,,
11,7039,,,1.9630135297775269,,
11,7049,,,2.037602424621582,,
11,7059,,,1.9691331386566162,,
11,7069,,,2.010280132293701,,
11,7079,,,2.099921941757202,,
11,7089,,,2.074345350265503,,
11,7099,,,1.950185775756836,,
11,7109,,,2.0280213356018066,,
11,7119,,,2.1985790729522705,,
11,7129,,,2.0376501083374023,,
11,7139,,,2.0433552265167236,,
11,7149,,,2.0046379566192627,,
11,7159,,,1.9658712148666382,,
11,7169,,,1.9193644523620605,,
11,7179,,,1.9930131435394287,,
11,7189,,,1.9589593410491943,,
11,7199,,,2.10496187210083,,
11,7209,,,1.8588474988937378,,
11,7219,,,2.088041305541992,,
11,7229,,,2.0526199340820312,,
11,7239,,,2.1644160747528076,,
11,7249,,,2.1506664752960205,,
11,7259,,,2.0515952110290527,,
11,7269,,,2.0290157794952393,,
11,7279,,,2.2125260829925537,,
11,7289,,,2.0307958126068115,,
11,7295,,,,0.31522995233535767,2.0465786457061768
11,7295,0.3107706308364868,2.0603928565979004,,,
12,7299,,,2.0434892177581787,,
12,7309,,,2.020190477371216,,
12,7319,,,2.0471651554107666,,
12,7329,,,1.9643152952194214,,
12,7339,,,2.1525700092315674,,
12,7349,,,2.108842134475708,,
12,7359,,,2.1070590019226074,,
12,7369,,,2.012739658355713,,
12,7379,,,1.9782203435897827,,
12,7389,,,2.0922887325286865,,
12,7399,,,2.0848639011383057,,
12,7409,,,2.0105059146881104,,
12,7419,,,1.9734009504318237,,
12,7429,,,1.9747921228408813,,
12,7439,,,2.1096243858337402,,
12,7449,,,1.999890685081482,,
12,7459,,,2.060544013977051,,
12,7469,,,2.2472498416900635,,
12,7479,,,2.003525972366333,,
12,7489,,,2.0933878421783447,,
12,7499,,,2.0379810333251953,,
12,7509,,,2.045621633529663,,
12,7519,,,2.0941085815429688,,
12,7529,,,1.9680681228637695,,
12,7539,,,2.115147352218628,,
12,7549,,,2.030625581741333,,
12,7559,,,1.9247668981552124,,
12,7569,,,2.0833346843719482,,
12,7579,,,1.9978488683700562,,
12,7589,,,1.91719651222229,,
12,7599,,,2.0959787368774414,,
12,7609,,,2.0238685607910156,,
12,7619,,,2.129647731781006,,
12,7629,,,2.012519121170044,,
12,7639,,,1.9814318418502808,,
12,7649,,,1.9621070623397827,,
12,7659,,,2.097095251083374,,
12,7669,,,1.9737075567245483,,
12,7679,,,2.1477272510528564,,
12,7689,,,2.0328125953674316,,
12,7699,,,2.0653340816497803,,
12,7709,,,2.10300350189209,,
12,7719,,,2.1171956062316895,,
12,7729,,,1.930895447731018,,
12,7739,,,1.9806098937988281,,
12,7749,,,2.1577308177948,,
12,7759,,,2.077784538269043,,
12,7769,,,2.024229049682617,,
12,7779,,,1.888469934463501,,
12,7789,,,1.999426245689392,,
12,7799,,,2.074720621109009,,
12,7809,,,2.007139205932617,,
12,7819,,,2.050194263458252,,
12,7829,,,2.1503686904907227,,
12,7839,,,2.0794098377227783,,
12,7849,,,2.014556646347046,,
12,7859,,,1.9761760234832764,,
12,7869,,,1.9654954671859741,,
12,7879,,,2.0544722080230713,,
12,7889,,,2.0497515201568604,,
12,7899,,,1.965048909187317,,
12,7903,,,,0.3214496374130249,2.0150394439697266
12,7903,0.3145225942134857,2.0437915325164795,,,
13,7909,,,2.0357542037963867,,
13,7919,,,1.9809188842773438,,
13,7929,,,2.186974287033081,,
13,7939,,,2.1221675872802734,,
13,7949,,,2.062363386154175,,
13,7959,,,2.178297758102417,,
13,7969,,,2.0026681423187256,,
13,7979,,,2.0370354652404785,,
13,7989,,,2.0514636039733887,,
13,7999,,,2.0825908184051514,,
13,8009,,,1.8992631435394287,,
13,8019,,,1.932628870010376,,
13,8029,,,2.0967564582824707,,
13,8039,,,1.8632631301879883,,
13,8049,,,2.2129251956939697,,
13,8059,,,2.0105254650115967,,
13,8069,,,2.1223864555358887,,
13,8079,,,2.16007661819458,,
13,8089,,,2.0000197887420654,,
13,8099,,,2.0503532886505127,,
13,8109,,,2.039803981781006,,
13,8119,,,2.030806303024292,,
13,8129,,,2.1646087169647217,,
13,8139,,,2.053255081176758,,
13,8149,,,1.9459017515182495,,
13,8159,,,1.9501545429229736,,
13,8169,,,1.9815828800201416,,
13,8179,,,2.257935047149658,,
13,8189,,,2.0781044960021973,,
13,8199,,,2.040130853652954,,
13,8209,,,2.0988802909851074,,
13,8219,,,2.0823559761047363,,
13,8229,,,2.0365591049194336,,
13,8239,,,2.0629918575286865,,
13,8249,,,2.1249563694000244,,
13,8259,,,2.041748046875,,
13,8269,,,1.9150962829589844,,
13,8279,,,1.9251089096069336,,
13,8289,,,2.0526938438415527,,
13,8299,,,1.9932678937911987,,
13,8309,,,1.9376816749572754,,
13,8319,,,2.1186165809631348,,
13,8329,,,2.001072406768799,,
13,8339,,,1.8912222385406494,,
13,8349,,,2.055147886276245,,
13,8359,,,1.9302550554275513,,
13,8369,,,2.0490834712982178,,
13,8379,,,2.0891828536987305,,
13,8389,,,2.097076416015625,,
13,8399,,,2.161674976348877,,
13,8409,,,2.102412223815918,,
13,8419,,,2.095365524291992,,
13,8429,,,1.7970738410949707,,
13,8439,,,2.0005955696105957,,
13,8449,,,1.995212435722351,,
13,8459,,,1.9672839641571045,,
13,8469,,,1.9124491214752197,,
13,8479,,,1.9725496768951416,,
13,8489,,,1.8419302701950073,,
13,8499,,,2.1157028675079346,,
13,8509,,,2.0066471099853516,,
13,8511,,,,0.33408135175704956,1.9702422618865967
13,8511,0.3215574324131012,2.0138754844665527,,,
14,8519,,,1.7903398275375366,,
14,8529,,,2.107866048812866,,
14,8539,,,1.9194377660751343,,
14,8549,,,2.0808706283569336,,
14,8559,,,1.867029070854187,,
14,8569,,,2.150517702102661,,
14,8579,,,2.05039119720459,,
14,8589,,,2.0462749004364014,,
14,8599,,,2.031106472015381,,
14,8609,,,2.010592222213745,,
14,8619,,,2.0979561805725098,,
14,8629,,,1.9009453058242798,,
14,8639,,,1.8608096837997437,,
14,8649,,,1.9098550081253052,,
14,8659,,,2.0069823265075684,,
14,8669,,,1.94149911403656,,
14,8679,,,1.9498461484909058,,
14,8689,,,1.9311925172805786,,
14,8699,,,2.0702855587005615,,
14,8709,,,1.9582897424697876,,
14,8719,,,1.9513484239578247,,
14,8729,,,1.9605215787887573,,
14,8739,,,2.015132427215576,,
14,8749,,,2.0874111652374268,,
14,8759,,,2.1105000972747803,,
14,8769,,,1.909577488899231,,
14,8779,,,1.8898377418518066,,
14,8789,,,2.0488033294677734,,
14,8799,,,1.93984055519104,,
14,8809,,,2.086426019668579,,
14,8819,,,1.9734348058700562,,
14,8829,,,1.9132890701293945,,
14,8839,,,1.8270076513290405,,
14,8849,,,1.9547747373580933,,
14,8859,,,1.845009684562683,,
14,8869,,,1.9829920530319214,,
14,8879,,,1.9893239736557007,,
14,8889,,,1.9568216800689697,,
14,8899,,,1.8310574293136597,,
14,8909,,,1.9559963941574097,,
14,8919,,,1.9843660593032837,,
14,8929,,,1.8728687763214111,,
14,8939,,,1.7665916681289673,,
14,8949,,,1.8921550512313843,,
14,8959,,,1.9076136350631714,,
14,8969,,,2.1881263256073,,
14,8979,,,2.1381871700286865,,
14,8989,,,1.9987125396728516,,
14,8999,,,2.0023419857025146,,
14,9009,,,2.084493398666382,,
14,9019,,,1.8133047819137573,,
14,9029,,,2.0895023345947266,,
14,9039,,,1.8487576246261597,,
14,9049,,,1.9041787385940552,,
14,9059,,,1.9190729856491089,,
14,9069,,,1.9445128440856934,,
14,9079,,,1.9860167503356934,,
14,9089,,,1.8878957033157349,,
14,9099,,,1.9950133562088013,,
14,9109,,,2.0582094192504883,,
14,9119,,,2.087080240249634,,
14,9119,,,,0.33485081791877747,1.9331330060958862
14,9119,0.33230581879615784,1.9629991054534912,,,
15,9129,,,1.9498114585876465,,
15,9139,,,2.169013738632202,,
15,9149,,,1.9653245210647583,,
15,9159,,,2.101480484008789,,
15,9169,,,1.9222224950790405,,
15,9179,,,2.0615391731262207,,
15,9189,,,1.78301203250885,,
15,9199,,,2.0799686908721924,,
15,9209,,,1.875058650970459,,
15,9219,,,2.0283424854278564,,
15,9229,,,1.800002098083496,,
15,9239,,,1.997219443321228,,
15,9249,,,1.8070961236953735,,
15,9259,,,1.9292337894439697,,
15,9269,,,1.8348865509033203,,
15,9279,,,1.6701242923736572,,
15,9289,,,1.7891197204589844,,
15,9299,,,1.7727890014648438,,
15,9309,,,1.900529146194458,,
15,9319,,,1.8107683658599854,,
15,9329,,,1.855803370475769,,
15,9339,,,1.7892661094665527,,
15,9349,,,2.055403709411621,,
15,9359,,,1.912343978881836,,
15,9369,,,1.9504153728485107,,
15,9379,,,1.8422207832336426,,
15,9389,,,2.1026406288146973,,
15,9399,,,1.9802693128585815,,
15,9409,,,1.9523380994796753,,
15,9419,,,1.9999499320983887,,
15,9429,,,2.036034107208252,,
15,9439,,,2.058931827545166,,
15,9449,,,1.8183156251907349,,
15,9459,,,1.9810338020324707,,
15,9469,,,1.8805372714996338,,
15,9479,,,1.8423129320144653,,
15,9489,,,1.9528635740280151,,
15,9499,,,1.7977681159973145,,
15,9509,,,1.7548226118087769,,
15,9519,,,2.138029098510742,,
15,9529,,,1.8664577007293701,,
15,9539,,,2.079190969467163,,
15,9549,,,1.9235986471176147,,
15,9559,,,2.019542694091797,,
15,9569,,,1.9044569730758667,,
15,9579,,,1.8497740030288696,,
15,9589,,,1.8323277235031128,,
15,9599,,,1.955475926399231,,
15,9609,,,2.005638360977173,,
15,9619,,,1.923289179801941,,
15,9629,,,1.898632526397705,,
15,9639,,,1.7671574354171753,,
15,9649,,,1.8918009996414185,,
15,9659,,,1.5445289611816406,,
15,9669,,,1.8074709177017212,,
15,9679,,,1.9054837226867676,,
15,9689,,,1.93646240234375,,
15,9699,,,1.6792292594909668,,
15,9709,,,1.9182432889938354,,
15,9719,,,1.9864641427993774,,
15,9727,,,,0.34299421310424805,1.8914138078689575
15,9727,0.3419981300830841,1.911963939666748,,,
16,9729,,,1.9975085258483887,,
16,9739,,,1.8750345706939697,,
16,9749,,,1.924899697303772,,
16,9759,,,1.7130333185195923,,
16,9769,,,2.0441768169403076,,
16,9779,,,1.9145984649658203,,
16,9789,,,1.7262998819351196,,
16,9799,,,1.9917787313461304,,
16,9809,,,1.6830776929855347,,
16,9819,,,1.9646716117858887,,
16,9829,,,1.8112860918045044,,
16,9839,,,1.989912509918213,,
16,9849,,,2.045112371444702,,
16,9859,,,1.9476813077926636,,
16,9869,,,1.870676040649414,,
16,9879,,,2.2138378620147705,,
16,9889,,,1.7674742937088013,,
16,9899,,,2.0520150661468506,,
16,9909,,,1.9149878025054932,,
16,9919,,,2.040867805480957,,
16,9929,,,1.8781225681304932,,
16,9939,,,2.1393940448760986,,
16,9949,,,2.1122570037841797,,
16,9959,,,1.8848652839660645,,
16,9969,,,1.9352610111236572,,
16,9979,,,1.8541908264160156,,
16,9989,,,1.933820366859436,,
16,9999,,,1.959967851638794,,
16,10009,,,1.908414602279663,,
16,10019,,,1.8798187971115112,,
16,10029,,,1.7629587650299072,,
16,10039,,,1.803620457649231,,
16,10049,,,1.906349778175354,,
16,10059,,,1.958742618560791,,
16,10069,,,1.9625715017318726,,
16,10079,,,1.8067742586135864,,
16,10089,,,2.089202880859375,,
16,10099,,,2.008232355117798,,
16,10109,,,1.7608076333999634,,
16,10119,,,1.8204693794250488,,
16,10129,,,1.7950294017791748,,
16,10139,,,1.9032753705978394,,
16,10149,,,2.027099609375,,
16,10159,,,1.919203519821167,,
16,10169,,,1.7027870416641235,,
16,10179,,,1.702241063117981,,
16,10189,,,1.8101844787597656,,
16,10199,,,1.7780052423477173,,
16,10209,,,1.822101354598999,,
16,10219,,,1.9376357793807983,,
16,10229,,,1.8553264141082764,,
16,10239,,,2.002120018005371,,
16,10249,,,1.8261462450027466,,
16,10259,,,1.9569556713104248,,
16,10269,,,1.8454407453536987,,
16,10279,,,1.7224327325820923,,
16,10289,,,1.9436014890670776,,
16,10299,,,1.9915348291397095,,
16,10309,,,2.0712318420410156,,
16,10319,,,2.003159999847412,,
16,10329,,,1.6188567876815796,,
16,10335,,,,0.3476877808570862,1.8681998252868652
16,10335,0.346309095621109,1.8832908868789673,,,
17,10339,,,1.7534841299057007,,
17,10349,,,1.8206278085708618,,
17,10359,,,1.8421318531036377,,
17,10369,,,1.9380666017532349,,
17,10379,,,2.069296360015869,,
17,10389,,,1.8503433465957642,,
17,10399,,,1.9927424192428589,,
17,10409,,,1.7421447038650513,,
17,10419,,,1.722447156906128,,
17,10429,,,1.8980895280838013,,
17,10439,,,2.0115714073181152,,
17,10449,,,1.762711763381958,,
17,10459,,,2.05617356300354,,
17,10469,,,1.8953967094421387,,
17,10479,,,1.903630018234253,,
17,10489,,,2.0410211086273193,,
17,10499,,,1.9319857358932495,,
17,10509,,,1.7784103155136108,,
17,10519,,,1.7546640634536743,,
17,10529,,,1.9693496227264404,,
17,10539,,,1.7494786977767944,,
17,10549,,,2.0590999126434326,,
17,10559,,,1.8524110317230225,,
17,10569,,,1.8271347284317017,,
17,10579,,,1.822803020477295,,
17,10589,,,1.8669663667678833,,
17,10599,,,2.0437331199645996,,
17,10609,,,1.8187508583068848,,
17,10619,,,1.9860519170761108,,
17,10629,,,1.6597635746002197,,
17,10639,,,1.763159990310669,,
17,10649,,,1.952355146408081,,
17,10659,,,1.8750115633010864,,
17,10669,,,1.616072177886963,,
17,10679,,,1.7084046602249146,,
17,10689,,,1.8369178771972656,,
17,10699,,,1.9361330270767212,,
17,10709,,,2.0457582473754883,,
17,10719,,,1.5846959352493286,,
17,10729,,,1.760217308998108,,
17,10739,,,1.9136183261871338,,
17,10749,,,1.8064087629318237,,
17,10759,,,2.1048390865325928,,
17,10769,,,2.0683746337890625,,
17,10779,,,1.8623102903366089,,
17,10789,,,1.7628650665283203,,
17,10799,,,1.8873999118804932,,
17,10809,,,1.723981499671936,,
17,10819,,,2.049546718597412,,
17,10829,,,1.8699772357940674,,
17,10839,,,1.6023250818252563,,
17,10849,,,1.7002933025360107,,
17,10859,,,1.6892541646957397,,
17,10869,,,2.154306411743164,,
17,10879,,,1.970983624458313,,
17,10889,,,1.7127994298934937,,
17,10899,,,2.04152774810791,,
17,10909,,,1.7608579397201538,,
17,10919,,,1.8934203386306763,,
17,10929,,,1.8619667291641235,,
17,10939,,,1.898515224456787,,
17,10943,,,,0.3509323298931122,1.855703592300415
17,10943,0.3493331968784332,1.867476463317871,,,
18,10949,,,1.9437479972839355,,
18,10959,,,1.9646707773208618,,
18,10969,,,1.7437986135482788,,
18,10979,,,1.8640342950820923,,
18,10989,,,1.6058086156845093,,
18,10999,,,1.910834550857544,,
18,11009,,,1.899121642112732,,
18,11019,,,1.5448976755142212,,
18,11029,,,1.6532793045043945,,
18,11039,,,2.0445830821990967,,
18,11049,,,1.9172229766845703,,
18,11059,,,1.6332825422286987,,
18,11069,,,1.9915313720703125,,
18,11079,,,1.6909217834472656,,
18,11089,,,1.9557405710220337,,
18,11099,,,1.785395622253418,,
18,11109,,,2.048985481262207,,
18,11119,,,2.0209059715270996,,
18,11129,,,1.4950785636901855,,
18,11139,,,1.83429753780365,,
18,11149,,,1.8439794778823853,,
18,11159,,,1.9746952056884766,,
18,11169,,,1.8753557205200195,,
18,11179,,,1.7311972379684448,,
18,11189,,,1.6198207139968872,,
18,11199,,,1.9357365369796753,,
18,11209,,,1.7256404161453247,,
18,11219,,,1.8652876615524292,,
18,11229,,,1.851621150970459,,
18,11239,,,1.8187649250030518,,
18,11249,,,1.7153081893920898,,
18,11259,,,1.9292266368865967,,
18,11269,,,1.782577633857727,,
18,11279,,,1.8805752992630005,,
18,11289,,,2.0420167446136475,,
18,11299,,,1.9166303873062134,,
18,11309,,,1.8015178442001343,,
18,11319,,,1.8005117177963257,,
18,11329,,,1.8210868835449219,,
18,11339,,,1.9102190732955933,,
18,11349,,,1.9291284084320068,,
18,11359,,,1.867712140083313,,
18,11369,,,2.017460346221924,,
18,11379,,,1.697588324546814,,
18,11389,,,1.8386902809143066,,
18,11399,,,1.7809981107711792,,
18,11409,,,1.852952241897583,,
18,11419,,,1.944143533706665,,
18,11429,,,1.9240472316741943,,
18,11439,,,1.9764692783355713,,
18,11449,,,1.9249792098999023,,
18,11459,,,1.6582021713256836,,
18,11469,,,2.102689266204834,,
18,11479,,,1.7322946786880493,,
18,11489,,,1.740563988685608,,
18,11499,,,1.8089914321899414,,
18,11509,,,1.8576990365982056,,
18,11519,,,1.72273850440979,,
18,11529,,,1.973608136177063,,
18,11539,,,1.8255136013031006,,
18,11549,,,1.8149226903915405,,
18,11551,,,,0.3514580726623535,1.8452447652816772
18,11551,0.35059913992881775,1.8554365634918213,,,
19,11559,,,1.9243724346160889,,
19,11569,,,1.7931077480316162,,
19,11579,,,1.8823965787887573,,
19,11589,,,1.8546994924545288,,
19,11599,,,1.9182721376419067,,
19,11609,,,1.7164247035980225,,
19,11619,,,1.5822175741195679,,
19,11629,,,1.889121174812317,,
19,11639,,,1.682361364364624,,
19,11649,,,1.816084623336792,,
19,11659,,,1.8391886949539185,,
19,11669,,,1.8816040754318237,,
19,11679,,,2.1423656940460205,,
19,11689,,,1.6228474378585815,,
19,11699,,,1.6511197090148926,,
19,11709,,,1.8094955682754517,,
19,11719,,,1.973506212234497,,
19,11729,,,1.619389533996582,,
19,11739,,,1.605636715888977,,
19,11749,,,1.849389910697937,,
19,11759,,,1.9395962953567505,,
19,11769,,,1.8964167833328247,,
19,11779,,,1.9246599674224854,,
19,11789,,,1.8878796100616455,,
19,11799,,,1.8232189416885376,,
19,11809,,,1.8393055200576782,,
19,11819,,,1.8677690029144287,,
19,11829,,,1.7317558526992798,,
19,11839,,,2.021184206008911,,
19,11849,,,1.6881663799285889,,
19,11859,,,2.0698041915893555,,
19,11869,,,1.860459327697754,,
19,11879,,,1.9279860258102417,,
19,11889,,,1.766710877418518,,
19,11899,,,1.984680414199829,,
19,11909,,,1.9970556497573853,,
19,11919,,,1.7702699899673462,,
19,11929,,,1.6292688846588135,,
19,11939,,,2.011981248855591,,
19,11949,,,1.7304103374481201,,
19,11959,,,2.0129542350769043,,
19,11969,,,1.6988966464996338,,
19,11979,,,1.6947053670883179,,
19,11989,,,1.8631647825241089,,
19,11999,,,1.5853917598724365,,
19,12009,,,1.853238821029663,,
19,12019,,,1.7944121360778809,,
19,12029,,,1.8016127347946167,,
19,12039,,,1.8622618913650513,,
19,12049,,,1.844333291053772,,
19,12059,,,1.61186945438385,,
19,12069,,,1.550214409828186,,
19,12079,,,1.9904693365097046,,
19,12089,,,2.084050416946411,,
19,12099,,,2.017904043197632,,
19,12109,,,1.8158464431762695,,
19,12119,,,1.6633986234664917,,
19,12129,,,1.7538000345230103,,
19,12139,,,1.9262585639953613,,
19,12149,,,1.7550506591796875,,
19,12159,,,1.6847126483917236,,
19,12159,,,,0.35819077491760254,1.8257830142974854
19,12159,0.35364243388175964,1.843003749847412,,,
20,12169,,,1.87458074092865,,
20,12179,,,1.7791063785552979,,
20,12189,,,1.8092279434204102,,
20,12199,,,1.7643214464187622,,
20,12209,,,1.6561449766159058,,
20,12219,,,1.8079917430877686,,
20,12229,,,1.7522687911987305,,
20,12239,,,1.7817332744598389,,
20,12249,,,1.8179768323898315,,
20,12259,,,1.7065742015838623,,
20,12269,,,1.8013063669204712,,
20,12279,,,1.621689796447754,,
20,12289,,,1.8775193691253662,,
20,12299,,,2.0788729190826416,,
20,12309,,,1.7466013431549072,,
20,12319,,,1.9137221574783325,,
20,12329,,,1.9280859231948853,,
20,12339,,,1.8326616287231445,,
20,12349,,,1.9817495346069336,,
20,12359,,,1.8702195882797241,,
20,12369,,,2.0367321968078613,,
20,12379,,,1.7361878156661987,,
20,12389,,,2.0274593830108643,,
20,12399,,,1.7994253635406494,,
20,12409,,,1.7591278553009033,,
20,12419,,,1.861534833908081,,
20,12429,,,2.038315773010254,,
20,12439,,,1.8723840713500977,,
20,12449,,,1.9549747705459595,,
20,12459,,,1.8322523832321167,,
20,12469,,,1.7994768619537354,,
20,12479,,,1.7220035791397095,,
20,12489,,,1.5470173358917236,,
20,12499,,,1.683142900466919,,
20,12509,,,1.6735800504684448,,
20,12519,,,1.6422982215881348,,
20,12529,,,1.6460185050964355,,
20,12539,,,2.0072388648986816,,
20,12549,,,1.991430401802063,,
20,12559,,,1.9308817386627197,,
20,12569,,,1.9637928009033203,,
20,12579,,,2.0148377418518066,,
20,12589,,,2.0890183448791504,,
20,12599,,,1.8082748651504517,,
20,12609,,,1.7514567375183105,,
20,12619,,,1.688206434249878,,
20,12629,,,1.9740856885910034,,
20,12639,,,1.8471742868423462,,
20,12649,,,1.789867877960205,,
20,12659,,,1.9590975046157837,,
20,12669,,,1.7911763191223145,,
20,12679,,,1.8643568754196167,,
20,12689,,,1.7024562358856201,,
20,12699,,,2.0696353912353516,,
20,12709,,,1.8318299055099487,,
20,12719,,,1.9890145063400269,,
20,12729,,,1.9751938581466675,,
20,12739,,,2.042802095413208,,
20,12749,,,1.7254469394683838,,
20,12759,,,1.8529809713363647,,
20,12767,,,,0.3575623333454132,1.8208061456680298
20,12767,0.35426202416419983,1.836897373199463,,,
21,12769,,,1.884087324142456,,
21,12779,,,1.956113576889038,,
21,12789,,,1.920627474784851,,
21,12799,,,1.866140604019165,,
21,12809,,,1.8179535865783691,,
21,12819,,,2.14243221282959,,
21,12829,,,1.8192225694656372,,
21,12839,,,1.6780948638916016,,
21,12849,,,1.9711452722549438,,
21,12859,,,1.6266440153121948,,
21,12869,,,2.123929500579834,,
21,12879,,,1.8269259929656982,,
21,12889,,,1.8372997045516968,,
21,12899,,,1.8268935680389404,,
21,12909,,,1.903481364250183,,
21,12919,,,1.635082483291626,,
21,12929,,,2.2497076988220215,,
21,12939,,,1.8972223997116089,,
21,12949,,,1.8554198741912842,,
21,12959,,,1.843306303024292,,
21,12969,,,1.4806058406829834,,
21,12979,,,1.5350592136383057,,
21,12989,,,1.9378936290740967,,
21,12999,,,1.6354007720947266,,
21,13009,,,1.8756154775619507,,
21,13019,,,1.861644983291626,,
21,13029,,,2.0534746646881104,,
21,13039,,,1.737143635749817,,
21,13049,,,1.8111059665679932,,
21,13059,,,1.951142430305481,,
21,13069,,,1.7417765855789185,,
21,13079,,,1.7649521827697754,,
21,13089,,,1.9698899984359741,,
21,13099,,,1.6578433513641357,,
21,13109,,,1.6936410665512085,,
21,13119,,,1.8505151271820068,,
21,13129,,,1.815205454826355,,
21,13139,,,1.9774386882781982,,
21,13149,,,1.7684855461120605,,
21,13159,,,1.8051972389221191,,
21,13169,,,1.7107319831848145,,
21,13179,,,1.984033465385437,,
21,13189,,,1.5565738677978516,,
21,13199,,,1.7194418907165527,,
21,13209,,,1.5950098037719727,,
21,13219,,,1.733863115310669,,
21,13229,,,1.8647918701171875,,
21,13239,,,1.8337488174438477,,
21,13249,,,1.7221564054489136,,
21,13259,,,1.8529235124588013,,
21,13269,,,1.9261400699615479,,
21,13279,,,1.924467921257019,,
21,13289,,,1.9750747680664062,,
21,13299,,,1.8912663459777832,,
21,13309,,,2.027632713317871,,
21,13319,,,1.8373486995697021,,
21,13329,,,1.5870155096054077,,
21,13339,,,1.6945518255233765,,
21,13349,,,1.9430794715881348,,
21,13359,,,1.9064152240753174,,
21,13369,,,1.6695204973220825,,
21,13375,,,,0.35772907733917236,1.8208558559417725
21,13375,0.3556017577648163,1.8306692838668823,,,
22,13379,,,1.8576549291610718,,
22,13389,,,2.093912124633789,,
22,13399,,,1.6592499017715454,,
22,13409,,,1.7556676864624023,,
22,13419,,,1.8029614686965942,,
22,13429,,,1.9098538160324097,,
22,13439,,,1.765733003616333,,
22,13449,,,1.9666175842285156,,
22,13459,,,1.869314432144165,,
22,13469,,,2.083653450012207,,
22,13479,,,1.6569104194641113,,
22,13489,,,1.8296302556991577,,
22,13499,,,1.7810642719268799,,
22,13509,,,1.6659423112869263,,
22,13519,,,1.3767695426940918,,
22,13529,,,1.9237459897994995,,
22,13539,,,1.836724042892456,,
22,13549,,,1.942807912826538,,
22,13559,,,1.9898735284805298,,
22,13569,,,1.7859622240066528,,
22,13579,,,1.79096257686615,,
22,13589,,,1.7898800373077393,,
22,13599,,,1.4564834833145142,,
22,13609,,,1.689441204071045,,
22,13619,,,1.9298988580703735,,
22,13629,,,1.823791265487671,,
22,13639,,,1.5094702243804932,,
22,13649,,,1.663973331451416,,
22,13659,,,1.7149972915649414,,
22,13669,,,1.8993209600448608,,
22,13679,,,1.779418706893921,,
22,13689,,,1.9655767679214478,,
22,13699,,,1.9673328399658203,,
22,13709,,,1.8564872741699219,,
22,13719,,,2.093097448348999,,
22,13729,,,1.7644332647323608,,
22,13739,,,1.7758920192718506,,
22,13749,,,2.0048916339874268,,
22,13759,,,1.9585999250411987,,
22,13769,,,1.8103675842285156,,
22,13779,,,1.8346757888793945,,
22,13789,,,1.6795958280563354,,
22,13799,,,2.0419979095458984,,
22,13809,,,1.9683560132980347,,
22,13819,,,1.7372361421585083,,
22,13829,,,1.7569886445999146,,
22,13839,,,1.7786040306091309,,
22,13849,,,1.8949570655822754,,
22,13859,,,1.810441493988037,,
22,13869,,,1.6998120546340942,,
22,13879,,,1.8447349071502686,,
22,13889,,,1.7152820825576782,,
22,13899,,,2.042975902557373,,
22,13909,,,1.7914196252822876,,
22,13919,,,1.869213342666626,,
22,13929,,,1.606702208518982,,
22,13939,,,1.8598430156707764,,
22,13949,,,2.096566677093506,,
22,13959,,,1.6646019220352173,,
22,13969,,,1.7570964097976685,,
22,13979,,,2.07348895072937,,
22,13983,,,,0.36042219400405884,1.8090331554412842
22,13983,0.355464905500412,1.827739953994751,,,
23,13989,,,1.8810582160949707,,
23,13999,,,1.7664414644241333,,
23,14009,,,1.9981721639633179,,
23,14019,,,2.061399221420288,,
23,14029,,,1.9210668802261353,,
23,14039,,,1.9698522090911865,,
23,14049,,,1.8615540266036987,,
23,14059,,,1.628791093826294,,
23,14069,,,2.049504280090332,,
23,14079,,,1.6984171867370605,,
23,14089,,,1.986320972442627,,
23,14099,,,1.6898083686828613,,
23,14109,,,1.8570476770401,,
23,14119,,,1.6744166612625122,,
23,14129,,,1.972145915031433,,
23,14139,,,1.7724859714508057,,
23,14149,,,1.9331774711608887,,
23,14159,,,1.8862531185150146,,
23,14169,,,1.5735219717025757,,
23,14179,,,1.8925542831420898,,
23,14189,,,1.8751450777053833,,
23,14199,,,1.8699045181274414,,
23,14209,,,1.8175995349884033,,
23,14219,,,1.9844398498535156,,
23,14229,,,1.821763038635254,,
23,14239,,,1.811655044555664,,
23,14249,,,2.0103797912597656,,
23,14259,,,1.6879761219024658,,
23,14269,,,1.928745985031128,,
23,14279,,,1.8539351224899292,,
23,14289,,,1.6702425479888916,,
23,14299,,,2.167128086090088,,
23,14309,,,1.7782586812973022,,
23,14319,,,1.7739022970199585,,
23,14329,,,1.908481240272522,,
23,14339,,,1.7030731439590454,,
23,14349,,,1.974259853363037,,
23,14359,,,1.7675031423568726,,
23,14369,,,1.8950207233428955,,
23,14379,,,1.7733056545257568,,
23,14389,,,1.702967882156372,,
23,14399,,,1.8095587491989136,,
23,14409,,,1.6630449295043945,,
23,14419,,,1.7010513544082642,,
23,14429,,,1.9246724843978882,,
23,14439,,,1.6280090808868408,,
23,14449,,,1.7133152484893799,,
23,14459,,,1.79703688621521,,
23,14469,,,1.790480613708496,,
23,14479,,,1.8168541193008423,,
23,14489,,,1.941935658454895,,
23,14499,,,1.5793951749801636,,
23,14509,,,1.7149529457092285,,
23,14519,,,1.971659779548645,,
23,14529,,,1.8852342367172241,,
23,14539,,,1.8353705406188965,,
23,14549,,,1.687239170074463,,
23,14559,,,1.5725346803665161,,
23,14569,,,1.744560718536377,,
23,14579,,,1.8595750331878662,,
23,14589,,,1.7079708576202393,,
23,14591,,,,0.3568699359893799,1.821204662322998
23,14591,0.35655757784843445,1.8201123476028442,,,
24,14599,,,2.003429412841797,,
24,14609,,,1.8822251558303833,,
24,14619,,,1.8563240766525269,,
24,14629,,,1.8275902271270752,,
24,14639,,,1.8468973636627197,,
24,14649,,,1.6430410146713257,,
24,14659,,,2.0291922092437744,,
24,14669,,,1.9607971906661987,,
24,14679,,,1.7874497175216675,,
24,14689,,,1.7903368473052979,,
24,14699,,,1.807706594467163,,
24,14709,,,1.9029475450515747,,
24,14719,,,1.6996859312057495,,
24,14729,,,1.608435034751892,,
24,14739,,,1.7281062602996826,,
24,14749,,,2.0471737384796143,,
24,14759,,,1.8057730197906494,,
24,14769,,,1.8238325119018555,,
24,14779,,,1.8250967264175415,,
24,14789,,,1.9479485750198364,,
24,14799,,,1.6030247211456299,,
24,14809,,,1.7321157455444336,,
24,14819,,,2.0149903297424316,,
24,14829,,,1.9316465854644775,,
24,14839,,,1.727383017539978,,
24,14849,,,1.7003846168518066,,
24,14859,,,1.8676695823669434,,
24,14869,,,1.9934829473495483,,
24,14879,,,1.7633941173553467,,
24,14889,,,1.9455616474151611,,
24,14899,,,1.8254319429397583,,
24,14909,,,1.9594637155532837,,
24,14919,,,1.77566659450531,,
24,14929,,,1.8096967935562134,,
24,14939,,,1.9477332830429077,,
24,14949,,,1.5679190158843994,,
24,14959,,,1.816820740699768,,
24,14969,,,1.6327744722366333,,
24,14979,,,1.9317551851272583,,
24,14989,,,1.8263362646102905,,
24,14999,,,1.7815402746200562,,
24,15009,,,1.8073805570602417,,
24,15019,,,1.6485215425491333,,
24,15029,,,1.7880016565322876,,
24,15039,,,1.7740973234176636,,
24,15049,,,1.8652584552764893,,
24,15059,,,1.6881568431854248,,
24,15069,,,1.4887737035751343,,
24,15079,,,1.6765025854110718,,
24,15089,,,1.3662638664245605,,
24,15099,,,1.8500950336456299,,
24,15109,,,1.8153398036956787,,
24,15119,,,1.7987831830978394,,
24,15129,,,1.7649086713790894,,
24,15139,,,1.911996841430664,,
24,15149,,,1.4229977130889893,,
24,15159,,,1.5602920055389404,,
24,15169,,,1.7600630521774292,,
24,15179,,,1.6667664051055908,,
24,15189,,,1.6691099405288696,,
24,15199,,,1.8428903818130493,,
24,15199,,,,0.35522839426994324,1.8159089088439941
24,15199,0.35749128460884094,1.8173006772994995,,,
25,15209,,,1.678860068321228,,
25,15219,,,1.6518760919570923,,
25,15229,,,1.901020884513855,,
25,15239,,,1.9457316398620605,,
25,15249,,,1.9131723642349243,,
25,15259,,,1.7498677968978882,,
25,15269,,,1.7230992317199707,,
25,15279,,,1.7048593759536743,,
25,15289,,,1.8847932815551758,,
25,15299,,,1.9789892435073853,,
25,15309,,,1.8471174240112305,,
25,15319,,,2.0310962200164795,,
25,15329,,,1.7569705247879028,,
25,15339,,,1.8778270483016968,,
25,15349,,,1.9541807174682617,,
25,15359,,,1.703214406967163,,
25,15369,,,1.9270596504211426,,
25,15379,,,1.7512904405593872,,
25,15389,,,1.6007088422775269,,
25,15399,,,1.93949294090271,,
25,15409,,,1.6986137628555298,,
25,15419,,,1.7630937099456787,,
25,15429,,,1.8437297344207764,,
25,15439,,,1.7485789060592651,,
25,15449,,,1.6089047193527222,,
25,15459,,,1.610891580581665,,
25,15469,,,2.0468831062316895,,
25,15479,,,1.7744319438934326,,
25,15489,,,1.857334852218628,,
25,15499,,,2.0329034328460693,,
25,15509,,,1.8947906494140625,,
25,15519,,,1.7646619081497192,,
25,15529,,,1.8459275960922241,,
25,15539,,,1.785346269607544,,
25,15549,,,1.7017221450805664,,
25,15559,,,1.715437650680542,,
25,15569,,,1.954340934753418,,
25,15579,,,1.8167492151260376,,
25,15589,,,1.6955790519714355,,
25,15599,,,1.8118383884429932,,
25,15609,,,1.3909111022949219,,
25,15619,,,1.8283432722091675,,
25,15629,,,1.9311527013778687,,
25,15639,,,1.8459675312042236,,
25,15649,,,1.9796148538589478,,
25,15659,,,2.011937141418457,,
25,15669,,,1.9343253374099731,,
25,15679,,,1.7490094900131226,,
25,15689,,,1.8267406225204468,,
25,15699,,,1.8963702917099,,
25,15709,,,1.8775320053100586,,
25,15719,,,1.8803740739822388,,
25,15729,,,1.81000554561615,,
25,15739,,,1.9875848293304443,,
25,15749,,,1.8799428939819336,,
25,15759,,,2.066852331161499,,
25,15769,,,1.90860915184021,,
25,15779,,,1.5891196727752686,,
25,15789,,,1.6611665487289429,,
25,15799,,,2.0107309818267822,,
25,15807,,,,0.3599861264228821,1.8031468391418457
25,15807,0.35929223895072937,1.8127537965774536,,,
26,15809,,,1.9612951278686523,,
26,15819,,,1.9319287538528442,,
26,15829,,,1.8281832933425903,,
26,15839,,,1.7158876657485962,,
26,15849,,,1.8577286005020142,,
26,15859,,,1.9693695306777954,,
26,15869,,,1.7809356451034546,,
26,15879,,,1.9972590208053589,,
26,15889,,,1.8996800184249878,,
26,15899,,,1.9320247173309326,,
26,15909,,,1.8270924091339111,,
26,15919,,,1.7931468486785889,,
26,15929,,,1.9409739971160889,,
26,15939,,,1.6552609205245972,,
26,15949,,,1.791304349899292,,
26,15959,,,1.87136971950531,,
26,15969,,,2.0008931159973145,,
26,15979,,,1.92365300655365,,
26,15989,,,1.9029767513275146,,
26,15999,,,1.6132773160934448,,
26,16009,,,1.6674648523330688,,
26,16019,,,1.8423166275024414,,
26,16029,,,1.8126059770584106,,
26,16039,,,1.8501852750778198,,
26,16049,,,1.7197448015213013,,
26,16059,,,1.6308082342147827,,
26,16069,,,1.8344746828079224,,
26,16079,,,1.8324390649795532,,
26,16089,,,1.9027700424194336,,
26,16099,,,1.5439927577972412,,
26,16109,,,1.7137483358383179,,
26,16119,,,1.9464852809906006,,
26,16129,,,1.907339096069336,,
26,16139,,,1.8199379444122314,,
26,16149,,,1.8140240907669067,,
26,16159,,,1.8106013536453247,,
26,16169,,,1.868035078048706,,
26,16179,,,1.8188462257385254,,
26,16189,,,1.86020827293396,,
26,16199,,,1.9012765884399414,,
26,16209,,,1.7688109874725342,,
26,16219,,,1.5673338174819946,,
26,16229,,,1.9590647220611572,,
26,16239,,,1.9437785148620605,,
26,16249,,,1.6898577213287354,,
26,16259,,,1.7315202951431274,,
26,16269,,,1.5479553937911987,,
26,16279,,,1.4299696683883667,,
26,16289,,,1.9349496364593506,,
26,16299,,,1.8806023597717285,,
26,16309,,,2.04835844039917,,
26,16319,,,1.8989183902740479,,
26,16329,,,1.6540600061416626,,
26,16339,,,1.7750612497329712,,
26,16349,,,1.7988134622573853,,
26,16359,,,1.7831370830535889,,
26,16369,,,1.9590492248535156,,
26,16379,,,1.820229411125183,,
26,16389,,,1.7862805128097534,,
26,16399,,,1.6189210414886475,,
26,16409,,,1.8186142444610596,,
26,16415,,,,0.35942184925079346,1.804979920387268
26,16415,0.3598077595233917,1.8080335855484009,,,
27,16419,,,1.7340861558914185,,
27,16429,,,1.7578039169311523,,
27,16439,,,1.8588050603866577,,
27,16449,,,1.9014650583267212,,
27,16459,,,1.6875911951065063,,
27,16469,,,1.7914279699325562,,
27,16479,,,1.9040638208389282,,
27,16489,,,1.9607229232788086,,
27,16499,,,1.8681211471557617,,
27,16509,,,1.9841694831848145,,
27,16519,,,1.9427945613861084,,
27,16529,,,1.8437449932098389,,
27,16539,,,1.8911954164505005,,
27,16549,,,1.9832206964492798,,
27,16559,,,2.007777214050293,,
27,16569,,,2.091596841812134,,
27,16579,,,1.5997885465621948,,
27,16589,,,1.702162742614746,,
27,16599,,,1.7358249425888062,,
27,16609,,,1.964016318321228,,
27,16619,,,1.692948579788208,,
27,16629,,,1.5770810842514038,,
27,16639,,,1.861384630203247,,
27,16649,,,1.9938735961914062,,
27,16659,,,1.706057071685791,,
27,16669,,,1.7950245141983032,,
27,16679,,,1.6781232357025146,,
27,16689,,,1.8423569202423096,,
27,16699,,,1.8810192346572876,,
27,16709,,,1.6473499536514282,,
27,16719,,,1.7621808052062988,,
27,16729,,,1.6358747482299805,,
27,16739,,,1.6809865236282349,,
27,16749,,,2.038059711456299,,
27,16759,,,1.723954439163208,,
27,16769,,,1.8092659711837769,,
27,16779,,,1.8535468578338623,,
27,16789,,,1.746396541595459,,
27,16799,,,1.9149913787841797,,
27,16809,,,1.5651038885116577,,
27,16819,,,1.825576663017273,,
27,16829,,,1.7198235988616943,,
27,16839,,,1.906751036643982,,
27,16849,,,1.8018158674240112,,
27,16859,,,1.7635551691055298,,
27,16869,,,1.6043126583099365,,
27,16879,,,1.8084231615066528,,
27,16889,,,1.5856585502624512,,
27,16899,,,1.9097250699996948,,
27,16909,,,1.7141904830932617,,
27,16919,,,1.9898027181625366,,
27,16929,,,1.7471355199813843,,
27,16939,,,1.9267359972000122,,
27,16949,,,1.7953771352767944,,
27,16959,,,1.8478033542633057,,
27,16969,,,1.8756016492843628,,
27,16979,,,1.7789652347564697,,
27,16989,,,1.7464981079101562,,
27,16999,,,1.9420273303985596,,
27,17009,,,1.7604432106018066,,
27,17019,,,1.657270908355713,,
27,17023,,,,0.36211493611335754,1.7974961996078491
27,17023,0.3608897626399994,1.8037434816360474,,,
28,17029,,,1.7213339805603027,,
28,17039,,,2.0211730003356934,,
28,17049,,,1.9902960062026978,,
28,17059,,,1.6753593683242798,,
28,17069,,,1.9981733560562134,,
28,17079,,,1.5701419115066528,,
28,17089,,,1.7727746963500977,,
28,17099,,,1.752805233001709,,
28,17109,,,2.0530407428741455,,
28,17119,,,1.9954861402511597,,
28,17129,,,1.4677937030792236,,
28,17139,,,1.7568906545639038,,
28,17149,,,1.8880064487457275,,
28,17159,,,1.6196836233139038,,
28,17169,,,2.0752029418945312,,
28,17179,,,1.852871298789978,,
28,17189,,,1.8966577053070068,,
28,17199,,,1.5498977899551392,,
28,17209,,,1.6774910688400269,,
28,17219,,,1.8072720766067505,,
28,17229,,,1.7836297750473022,,
28,17239,,,2.129887104034424,,
28,17249,,,1.762026309967041,,
28,17259,,,1.9298491477966309,,
28,17269,,,2.0621843338012695,,
28,17279,,,1.8253051042556763,,
28,17289,,,1.936181664466858,,
28,17299,,,1.6787618398666382,,
28,17309,,,1.8343092203140259,,
28,17319,,,1.62723708152771,,
28,17329,,,2.035416603088379,,
28,17339,,,1.8104864358901978,,
28,17349,,,1.7510298490524292,,
28,17359,,,1.7902768850326538,,
28,17369,,,1.8838266134262085,,
28,17379,,,1.9430886507034302,,
28,17389,,,1.7739499807357788,,
28,17399,,,1.9264329671859741,,
28,17409,,,1.9833850860595703,,
28,17419,,,1.6017087697982788,,
28,17429,,,1.9058316946029663,,
28,17439,,,1.7501956224441528,,
28,17449,,,1.9274152517318726,,
28,17459,,,1.7696080207824707,,
28,17469,,,1.8540059328079224,,
28,17479,,,1.8551812171936035,,
28,17489,,,1.9333301782608032,,
28,17499,,,1.5590816736221313,,
28,17509,,,1.9478199481964111,,
28,17519,,,1.9665380716323853,,
28,17529,,,1.8172329664230347,,
28,17539,,,1.9015898704528809,,
28,17549,,,1.572548508644104,,
28,17559,,,1.5649572610855103,,
28,17569,,,1.8844904899597168,,
28,17579,,,1.6763126850128174,,
28,17589,,,1.8239582777023315,,
28,17599,,,1.7821012735366821,,
28,17609,,,1.7256933450698853,,
28,17619,,,1.8593823909759521,,
28,17629,,,1.877976655960083,,
28,17631,,,,0.36193543672561646,1.7974554300308228
28,17631,0.36212101578712463,1.7984915971755981,,,
29,17639,,,1.9582867622375488,,
29,17649,,,1.43367600440979,,
29,17659,,,1.792163372039795,,
29,17669,,,1.6873189210891724,,
29,17679,,,1.6773892641067505,,
29,17689,,,1.7988923788070679,,
29,17699,,,1.6126645803451538,,
29,17709,,,1.7504727840423584,,
29,17719,,,1.9976009130477905,,
29,17729,,,1.5984123945236206,,
29,17739,,,1.7672446966171265,,
29,17749,,,1.6494358777999878,,
29,17759,,,1.7964097261428833,,
29,17769,,,1.902907133102417,,
29,17779,,,1.7205321788787842,,
29,17789,,,1.5065661668777466,,
29,17799,,,1.635974645614624,,
29,17809,,,1.9574730396270752,,
29,17819,,,1.9521305561065674,,
29,17829,,,1.869150996208191,,
29,17839,,,1.4119619131088257,,
29,17849,,,1.6093940734863281,,
29,17859,,,1.7355533838272095,,
29,17869,,,1.8388707637786865,,
29,17879,,,1.9231845140457153,,
29,17889,,,1.7796765565872192,,
29,17899,,,1.9414056539535522,,
29,17909,,,1.6672500371932983,,
29,17919,,,1.5798953771591187,,
29,17929,,,2.044044256210327,,
29,17939,,,2.0063412189483643,,
29,17949,,,1.483969807624817,,
29,17959,,,1.659038782119751,,
29,17969,,,1.5907255411148071,,
29,17979,,,1.8077527284622192,,
29,17989,,,1.8298840522766113,,
29,17999,,,1.930464506149292,,
29,18009,,,1.8719377517700195,,
29,18019,,,1.9574894905090332,,
29,18029,,,1.9122090339660645,,
29,18039,,,1.9870554208755493,,
29,18049,,,1.8270466327667236,,
29,18059,,,1.5669888257980347,,
29,18069,,,1.8880424499511719,,
29,18079,,,1.8726301193237305,,
29,18089,,,1.788171648979187,,
29,18099,,,2.033202648162842,,
29,18109,,,1.5473016500473022,,
29,18119,,,2.025822401046753,,
29,18129,,,1.695726990699768,,
29,18139,,,1.7624521255493164,,
29,18149,,,1.5549678802490234,,
29,18159,,,1.6837310791015625,,
29,18169,,,1.979630708694458,,
29,18179,,,1.8601675033569336,,
29,18189,,,1.903439998626709,,
29,18199,,,1.8570520877838135,,
29,18209,,,1.6590356826782227,,
29,18219,,,1.9337902069091797,,
29,18229,,,1.9834791421890259,,
29,18239,,,1.4335232973098755,,
29,18239,,,,0.36315372586250305,1.7895783185958862
29,18239,0.36230891942977905,1.7953976392745972,,,
