epoch,step,train/drug_loss_epoch,train/drug_loss_step,train/drug_pearson_epoch,train/drug_pearson_step,train/drug_scaled,train/eln_loss_epoch,train/eln_loss_step,train/eln_qwk_epoch,train/eln_qwk_step,train/eln_scaled,train/subtype_acc_epoch,train/subtype_acc_step,train/subtype_loss_epoch,train/subtype_loss_step,train/subtype_scaled,train/survival_loss_epoch,train/survival_loss_step,train/survival_scaled,train/total_loss,val/drug_loss,val/drug_pearson,val/eln_loss,val/eln_qwk,val/subtype_acc,val/subtype_loss,val/survival_loss,val/total_loss
0,9,,1.0515434741973877,,-0.20388460159301758,0.5257714986801147,,1.1093066930770874,,0.0,0.5546526908874512,,0.25,,1.9033203125,0.9516541957855225,,0.8579460382461548,0.42897334694862366,2.4610517024993896,,,,,,,,
0,19,,0.7700611352920532,,0.013237416744232178,0.385031133890152,,1.1576967239379883,,-0.5,0.5788438320159912,,0.0,,2.357421875,1.1786694526672363,,1.0956718921661377,0.5478360056877136,2.690380573272705,,,,,,,,
0,28,,,,,,,,,,,,,,,,,,,,0.7009238600730896,0.2003069519996643,1.118303894996643,0.2773946225643158,0.13793103396892548,1.7762662172317505,1.0267913341522217,2.3110713958740234
0,28,0.93568354845047,,0.02481526881456375,,,1.1379035711288452,,0.003284076228737831,,,0.2068965584039688,,1.8580280542373657,,,0.9640063643455505,,,,,,,,,,,
1,29,,0.6758049130439758,,0.1546812653541565,0.3378928601741791,,2.5609517097473145,,0.0,1.2803817987442017,,0.0,,2.125,1.0624194145202637,,0.8024357557296753,0.40121546387672424,3.081909418106079,,,,,,,,
1,39,,0.8813145160675049,,0.08346867561340332,0.4406468868255615,,1.1771752834320068,,-0.25,0.5885676145553589,,0.5,,1.6875,0.8436598777770996,,0.0,-2.5704373911139555e-05,1.872848629951477,,,,,,,,
1,49,,0.685356855392456,,0.09446185827255249,0.34262606501579285,,1.0788016319274902,,0.5555555820465088,0.539387047290802,,0.25,,1.763671875,0.881674587726593,,0.9008629322052002,0.45042741298675537,2.2141151428222656,,,,,,,,
1,57,,,,,,,,,,,,,,,,,,,,0.7221574187278748,0.14804112911224365,1.1629323959350586,0.3379310071468353,0.24137930572032928,1.7378771305084229,1.1049915552139282,2.3637239933013916
1,57,0.7766076922416687,,0.02842620201408863,,,1.3361283540725708,,0.16418993473052979,,,0.24137930572032928,,1.8211207389831543,,,0.8738982081413269,,,,,,,,,,,
2,59,,0.7438602447509766,,0.02493417263031006,0.3718806803226471,,0.991327166557312,,0.5555555820465088,0.4956653416156769,,0.5,,1.5546875,0.7772114276885986,,1.0045356750488281,0.5022680759429932,2.1470255851745605,,,,,,,,
2,69,,0.6194473505020142,,0.3191547393798828,0.3096467852592468,,0.8554344773292542,,0.0,0.42774656414985657,,0.25,,2.302734375,1.1510437726974487,,0.7448604106903076,0.37241706252098083,2.2608542442321777,,,,,,,,
2,79,,1.1169259548187256,,-0.5436831712722778,0.5584876537322998,,1.0551743507385254,,0.3999999761581421,0.5275756120681763,,0.5,,1.38671875,0.6932597160339355,,0.638296365737915,0.31912878155708313,2.098451614379883,,,,,,,,
2,86,,,,,,,,,,,,,,,,,,,,0.7121204137802124,0.16153934597969055,1.0653506517410278,0.4361247718334198,0.17241379618644714,1.8166756629943848,1.0873072147369385,2.340437889099121
2,86,0.791711688041687,,0.04959437623620033,,,1.1126903295516968,,0.26841819286346436,,,0.2931034564971924,,1.7296605110168457,,,0.977939248085022,,,,,,,,,,,
3,89,,0.6856569051742554,,0.12284213304519653,0.3427591919898987,,1.156006097793579,,0.1111111044883728,0.5779693722724915,,0.25,,1.765625,0.8826077580451965,,1.2318229675292969,0.6159239411354065,2.419260263442993,,,,,,,,
3,99,,0.7694878578186035,,-0.0524294376373291,0.3846909701824188,,1.0443460941314697,,0.3999999761581421,0.5221632719039917,,0.5,,1.375,0.6873962879180908,,1.3219656944274902,0.6610010862350464,2.25525164604187,,,,,,,,
3,109,,0.7025043964385986,,-5.841255187988281e-06,0.35118111968040466,,0.7566794157028198,,0.5,0.3783949315547943,,0.75,,1.2744140625,0.6371287703514099,,0.4089806079864502,0.20445509254932404,1.5711599588394165,,,,,,,,
3,115,,,,,,,,,,,,,,,,,,,,0.7181703448295593,0.15351466834545135,0.9639879465103149,0.4724138081073761,0.24137930572032928,1.684267282485962,1.1100780963897705,2.2379982471466064
3,115,0.7541897892951965,,0.07685375958681107,,,1.0725352764129639,,0.23355227708816528,,,0.3103448152542114,,1.6934099197387695,,,0.9243583083152771,,,,,,,,,,,
4,119,,0.8049708604812622,,-0.19699478149414062,0.40243712067604065,,0.6997277140617371,,0.6666666269302368,0.3499327301979065,,0.5,,1.0673828125,0.5336716771125793,,1.289072871208191,0.6445544362068176,1.9305959939956665,,,,,,,,
4,129,,0.723974883556366,,-0.04147768020629883,0.36191657185554504,,1.1128302812576294,,0.6666666269302368,0.5563890933990479,,0.25,,1.681640625,0.840613603591919,,1.2612059116363525,0.6306189894676208,2.389538288116455,,,,,,,,
4,139,,0.6668029427528381,,0.15638011693954468,0.3333129286766052,,0.9816344380378723,,0.6666666269302368,0.4908215403556824,,0.5,,1.51171875,0.7556995153427124,,1.018691897392273,0.5093472003936768,2.0891811847686768,,,,,,,,
4,144,,,,,,,,,,,,,,,,,,,,0.7227370738983154,0.14775460958480835,1.0357568264007568,0.4863998293876648,0.24137930572032928,1.7133620977401733,1.1255964040756226,2.2984254360198975
4,144,0.8143912553787231,,-0.00900100264698267,,,1.0594465732574463,,0.34186387062072754,,,0.38793104887008667,,1.6118332147598267,,,1.069573163986206,,,,,,,,,,,
5,149,,0.7637900114059448,,0.08893555402755737,0.3818303644657135,,1.0785939693450928,,0.4285714030265808,0.5392786860466003,,0.5,,1.521484375,0.7605751752853394,,1.1435478925704956,0.5717840194702148,2.2534682750701904,,,,,,,,
5,159,,0.8556932806968689,,-0.05823922157287598,0.42780596017837524,,0.7518725395202637,,0.5555555820465088,0.37599441409111023,,0.75,,1.36328125,0.6815214157104492,,1.2497920989990234,0.6249147057533264,2.110236406326294,,,,,,,,
5,169,,0.8183177709579468,,1.5497207641601562e-05,0.4091063141822815,,1.4394910335540771,,0.25,0.7196418642997742,,0.5,,1.4970703125,0.7483679056167603,,0.7526679039001465,0.3763146996498108,2.2534306049346924,,,,,,,,
5,173,,,,,,,,,,,,,,,,,,,,0.7129166126251221,0.16281470656394958,0.9695168137550354,0.5093883872032166,0.24137930572032928,1.645272135734558,1.1476948261260986,2.2374157905578613
5,173,0.8104411959648132,,0.09256525337696075,,,1.0433481931686401,,0.35449662804603577,,,0.42241379618644714,,1.6280475854873657,,,0.9488389492034912,,,,,,,,,,,
6,179,,0.9164993762969971,,-0.062281012535095215,0.45822498202323914,,0.9079440832138062,,0.692307710647583,0.45399391651153564,,0.5,,1.48046875,0.7400689125061035,,1.1099495887756348,0.5549837946891785,2.2072715759277344,,,,,,,,
6,189,,0.7722700834274292,,0.06827318668365479,0.38606563210487366,,1.1186389923095703,,-0.25,0.559291422367096,,0.25,,1.5791015625,0.7893463969230652,,1.4872841835021973,0.7436832189559937,2.478386640548706,,,,,,,,
6,199,,0.8236221075057983,,0.1704586148262024,0.4117557108402252,,0.9292205572128296,,0.5,0.4646269381046295,,0.5,,1.7109375,0.8552111983299255,,1.014857292175293,0.5074299573898315,2.2390239238739014,,,,,,,,
6,202,,,,,,,,,,,,,,,,,,,,0.707675576210022,0.16751796007156372,0.9818516373634338,0.5093883872032166,0.27586206793785095,1.6170527935028076,1.0959316492080688,2.2009496688842773
6,202,0.7756691575050354,,0.09899010509252548,,,1.0119024515151978,,0.34905382990837097,,,0.32758620381355286,,1.6107051372528076,,,0.9238687753677368,,,,,,,,,,,
7,209,,0.42837944626808167,,1.0,0.2140049785375595,,0.8289857506752014,,0.800000011920929,0.41453272104263306,,0.5,,1.4345703125,0.7171236276626587,,0.7603580951690674,0.3801577687263489,1.7258191108703613,,,,,,,,
7,219,,0.7171980738639832,,-0.03567230701446533,0.3585051894187927,,1.3888788223266602,,0.0,0.6943501830101013,,0.5,,1.697265625,0.8483675122261047,,0.6957224607467651,0.3478337824344635,2.249056577682495,,,,,,,,
7,229,,0.7688755393028259,,0.18391013145446777,0.3843592703342438,,0.9453297853469849,,0.5,0.47267743945121765,,0.25,,1.86669921875,0.9330122470855713,,1.4291892051696777,0.7146342396736145,2.504683256149292,,,,,,,,
7,231,,,,,,,,,,,,,,,,,,,,0.7114673256874084,0.1682674139738083,0.8740882873535156,0.5759505033493042,0.3103448152542114,1.5759698152542114,1.0852303504943848,2.1230902671813965
7,231,0.7754048109054565,,0.12479798495769501,,,0.9326561093330383,,0.4547690451145172,,,0.4568965435028076,,1.5121228694915771,,,0.9895099997520447,,,,,,,,,,,
8,239,,0.7369792461395264,,0.06003284454345703,0.36839815974235535,,0.5521996021270752,,1.0,0.27620047330856323,,0.5,,1.318359375,0.6590530872344971,,0.8882471919059753,0.44411319494247437,1.7477649450302124,,,,,,,,
8,249,,0.6722555160522461,,0.10182327032089233,0.3360109031200409,,0.4085090756416321,,1.0,0.2043846696615219,,0.25,,1.50390625,0.7517484426498413,,0.7069802284240723,0.353462278842926,1.645606279373169,,,,,,,,
8,259,,0.7508430480957031,,-0.06343746185302734,0.3753308057785034,,0.5564201474189758,,1.0,0.27830663323402405,,0.0,,1.64453125,0.8219984173774719,,0.6965587735176086,0.3482493758201599,1.8238853216171265,,,,,,,,
8,260,,,,,,,,,,,,,,,,,,,,0.7194868326187134,0.15917310118675232,0.9167046546936035,0.5759505033493042,0.3103448152542114,1.5922683477401733,1.128712773323059,2.1782679557800293
8,260,0.7663088440895081,,0.038696449249982834,,,0.911012589931488,,0.3995335102081299,,,0.3448275923728943,,1.56689453125,,,0.8761880993843079,,,,,,,,,,,
9,269,,0.6694993376731873,,0.17659789323806763,0.3346264660358429,,1.214935302734375,,0.2857142686843872,0.607421875,,0.25,,1.60107421875,0.8002831935882568,,0.8103080987930298,0.4051342010498047,2.147465705871582,,,,,,,,
9,279,,0.8629133701324463,,0.2318476438522339,0.43140459060668945,,0.3461943566799164,,1.0,0.17323441803455353,,0.75,,0.9638671875,0.4819493889808655,,0.0,-0.0001079350768122822,1.0864803791046143,,,,,,,,
9,289,,0.829196572303772,,0.1924811601638794,0.4145318269729614,,1.1090599298477173,,0.5,0.5545073747634888,,0.5,,1.736328125,0.8678393959999084,,0.9970260858535767,0.49851271510124207,2.3353915214538574,,,,,,,,
9,289,,,,,,,,,,,,,,,,,,,,0.7170951962471008,0.15561507642269135,0.9169607758522034,0.5431097745895386,0.24137930572032928,1.5741513967514038,1.1978569030761719,2.2027077674865723
9,289,0.7528434991836548,,0.10945502668619156,,,0.9785909056663513,,0.40982702374458313,,,0.4568965435028076,,1.5445514917373657,,,0.8165237307548523,,,,,,,,,,,
10,299,,0.6082689762115479,,0.19047480821609497,0.3039785623550415,,0.8545869588851929,,0.5,0.42732366919517517,,0.5,,1.6171875,0.8083158731460571,,1.1396697759628296,0.5698511004447937,2.109469413757324,,,,,,,,
10,309,,0.8150240182876587,,0.07184350490570068,0.407436728477478,,1.1956170797348022,,0.375,0.5977685451507568,,0.5,,1.380859375,0.6902547478675842,,1.8804409503936768,0.9403254389762878,2.6357855796813965,,,,,,,,
10,318,,,,,,,,,,,,,,,,,,,,0.7151226997375488,0.15450355410575867,0.8645085692405701,0.6170772314071655,0.3103448152542114,1.5577855110168457,1.1125514507293701,2.1246445178985596
10,318,0.6866233944892883,,0.17772015929222107,,,0.972227156162262,,0.3779456913471222,,,0.3965517282485962,,1.5463531017303467,,,0.9215450286865234,,,,,,,,,,,
11,319,,0.8214432597160339,,-0.11108863353729248,0.4106472432613373,,0.8178290128707886,,0.6666666269302368,0.408951073884964,,0.75,,0.905029296875,0.4525594711303711,,1.0456786155700684,0.5228448510169983,1.7950025796890259,,,,,,,,
11,329,,0.6500391364097595,,0.04164987802505493,0.32487034797668457,,0.5320534706115723,,0.0,0.26611846685409546,,0.5,,1.32177734375,0.6607347726821899,,0.7015055418014526,0.3507155478000641,1.6024391651153564,,,,,,,,
11,339,,0.716640055179596,,0.06887513399124146,0.3581966459751129,,1.628065586090088,,0.19999998807907104,0.8139127492904663,,0.0,,2.47265625,1.2356101274490356,,0.8626023530960083,0.4312833845615387,2.839003086090088,,,,,,,,
11,347,,,,,,,,,,,,,,,,,,,,0.7212281227111816,0.14402428269386292,0.9556057453155518,0.5982822775840759,0.24137930572032928,1.5819638967514038,1.178593397140503,2.218315601348877
11,347,0.6971392035484314,,0.16445711255073547,,,0.926729142665863,,0.5099225640296936,,,0.4568965435028076,,1.4489998817443848,,,0.970048189163208,,,,,,,,,,,
12,349,,0.7933915853500366,,0.06064486503601074,0.3966042101383209,,0.8727151155471802,,0.692307710647583,0.4363815188407898,,0.5,,1.3203125,0.6599975228309631,,0.779415488243103,0.3896791636943817,1.8826624155044556,,,,,,,,
12,359,,0.51606684923172,,0.19992953538894653,0.2578144669532776,,0.38706129789352417,,0.0,0.19364343583583832,,0.75,,0.90576171875,0.45292872190475464,,1.1975663900375366,0.5988091826438904,1.5031957626342773,,,,,,,,
12,369,,0.9169294238090515,,-0.2801187038421631,0.4584265649318695,,0.645133912563324,,0.5,0.32263052463531494,,0.25,,1.626953125,0.8131546378135681,,1.548323392868042,0.7742353677749634,2.3684470653533936,,,,,,,,
12,376,,,,,,,,,,,,,,,,,,,,0.7251087427139282,0.13410842418670654,0.8697563409805298,0.5391688942909241,0.27586206793785095,1.5440462827682495,1.1610095500946045,2.1495938301086426
12,376,0.7764738202095032,,0.09618647396564484,,,0.9633041024208069,,0.44251111149787903,,,0.36206895112991333,,1.5872844457626343,,,0.9064242839813232,,,,,,,,,,,
13,379,,0.7890331745147705,,0.09675675630569458,0.3944176435470581,,0.6525269746780396,,0.8333333134651184,0.32632485032081604,,0.5,,1.30859375,0.6541358232498169,,0.6228907704353333,0.31139352917671204,1.6862717866897583,,,,,,,,
13,389,,0.7001341581344604,,0.2554279565811157,0.3499237596988678,,0.7244092226028442,,0.0,0.36225253343582153,,0.75,,0.9453125,0.47268566489219666,,0.7509293556213379,0.3754294812679291,1.5602914094924927,,,,,,,,
13,399,,0.7374722361564636,,0.022241413593292236,0.3686082661151886,,1.1201965808868408,,0.5,0.560077965259552,,0.75,,1.5234375,0.7614355683326721,,1.0162506103515625,0.5081276297569275,2.198249340057373,,,,,,,,
13,405,,,,,,,,,,,,,,,,,,,,0.7064318656921387,0.1689034104347229,1.053317904472351,0.47020334005355835,0.27586206793785095,1.6284347772598267,1.187869906425476,2.2875571250915527
13,405,0.7902324199676514,,0.06357025355100632,,,0.9165021181106567,,0.40301045775413513,,,0.5086206793785095,,1.4380556344985962,,,0.8934795260429382,,,,,,,,,,,
14,409,,0.6741457581520081,,7.212162017822266e-06,0.33691126108169556,,1.0962530374526978,,0.3999999761581421,0.5481107234954834,,0.25,,1.5908203125,0.7950852513313293,,1.0804901123046875,0.5402567386627197,2.2203638553619385,,,,,,,,
14,419,,0.844542920589447,,-0.10003089904785156,0.42219308018684387,,0.4426479637622833,,0.8333333134651184,0.2214137762784958,,0.75,,1.03466796875,0.5173149108886719,,0.6817355155944824,0.3408212959766388,1.5017430782318115,,,,,,,,
14,429,,0.18109065294265747,,1.0,0.09012480825185776,,1.4060556888580322,,0.1111111044883728,0.7029645442962646,,0.0,,2.0,0.9994330406188965,,0.8875697255134583,0.44376829266548157,2.236290693283081,,,,,,,,
14,434,,,,,,,,,,,,,,,,,,,,0.6993879675865173,0.18323855102062225,0.8795925378799438,0.5184792280197144,0.24137930572032928,1.6182650327682495,1.1742148399353027,2.185265064239502
14,434,0.7330209016799927,,0.13099613785743713,,,0.916156530380249,,0.47087788581848145,,,0.43103447556495667,,1.4945530891418457,,,1.1017508506774902,,,,,,,,,,,
15,439,,0.8619205355644226,,-0.09191083908081055,0.4308883845806122,,0.583318829536438,,0.800000011920929,0.29172298312187195,,0.5,,1.6220703125,0.8106770515441895,,1.8394837379455566,0.9198670387268066,2.453155517578125,,,,,,,,
15,449,,0.6445343494415283,,0.24373352527618408,0.32207873463630676,,1.040789246559143,,-0.25,0.5203885436058044,,0.25,,1.669921875,0.83456951379776,,0.22148847579956055,0.11062642186880112,1.787663221359253,,,,,,,,
15,459,,0.7355819344520569,,0.05852532386779785,0.36764851212501526,,0.66998291015625,,0.800000011920929,0.33503830432891846,,0.5,,1.58984375,0.7945722937583923,,0.7598125338554382,0.3798688054084778,1.877127766609192,,,,,,,,
15,463,,,,,,,,,,,,,,,,,,,,0.7014049291610718,0.17444615066051483,0.8159725666046143,0.6331691145896912,0.3103448152542114,1.448477864265442,1.199552059173584,2.0823307037353516
15,463,0.7434629797935486,,0.09820804744958878,,,0.9137953519821167,,0.4366016387939453,,,0.4396551847457886,,1.5099844932556152,,,0.9352052807807922,,,,,,,,,,,
16,469,,0.8887539505958557,,0.05449342727661133,0.4443162679672241,,0.9474093914031982,,0.2857142686843872,0.47371190786361694,,0.5,,1.20751953125,0.6036351919174194,,1.3287876844406128,0.6644464135169983,2.1861095428466797,,,,,,,,
16,479,,0.6639928817749023,,0.27285462617874146,0.33180952072143555,,1.0186800956726074,,0.2857142686843872,0.5093376636505127,,0.0,,1.81640625,0.9077051281929016,,1.6539483070373535,0.8270822763442993,2.575934410095215,,,,,,,,
16,489,,0.9487346410751343,,-0.12450969219207764,0.474338561296463,,1.3796319961547852,,-0.16666662693023682,0.6897687315940857,,0.0,,1.80078125,0.899894654750824,,1.0824885368347168,0.5412583351135254,2.6052603721618652,,,,,,,,
16,492,,,,,,,,,,,,,,,,,,,,0.7039497494697571,0.17497539520263672,0.7901254296302795,0.6714411973953247,0.27586206793785095,1.4884833097457886,1.1653099060058594,2.0735154151916504
16,492,0.7021844983100891,,0.13436295092105865,,,0.9673964977264404,,0.36860814690589905,,,0.36206895112991333,,1.6117995977401733,,,0.8661001324653625,,,,,,,,,,,
17,499,,0.8509600162506104,,0.08259528875350952,0.42539459466934204,,1.2234044075012207,,0.1666666865348816,0.6116759181022644,,0.25,,1.7939453125,0.8964738845825195,,0.8682346343994141,0.43409448862075806,2.3676388263702393,,,,,,,,
17,509,,0.7584352493286133,,-0.1526937484741211,0.3790769875049591,,1.037028193473816,,0.2857142686843872,0.5185099840164185,,0.25,,1.6201171875,0.8096635341644287,,1.1662911176681519,0.5831748247146606,2.2904253005981445,,,,,,,,
17,519,,0.5802388191223145,,0.197412371635437,0.2898709774017334,,0.9937732219696045,,0.5,0.49688729643821716,,0.5,,1.4443359375,0.721881091594696,,1.02437162399292,0.5121901631355286,2.020829439163208,,,,,,,,
17,521,,,,,,,,,,,,,,,,,,,,0.6921875476837158,0.18253430724143982,0.9130231738090515,0.5874447822570801,0.27586206793785095,1.6057381629943848,1.1431305408477783,2.176499128341675
17,521,0.7076236605644226,,0.10111578553915024,,,0.9467608332633972,,0.4737560749053955,,,0.37068966031074524,,1.5865436792373657,,,0.9849811792373657,,,,,,,,,,,
18,529,,0.7744847536087036,,-0.19006454944610596,0.38710707426071167,,0.782813310623169,,0.8333333134651184,0.3914288580417633,,0.5,,1.537109375,0.7682032585144043,,1.4859944581985474,0.7430849671363831,2.2898242473602295,,,,,,,,
18,539,,0.55473792552948,,0.30722951889038086,0.2770974636077881,,0.72517991065979,,0.75,0.36261633038520813,,0.5,,1.28076171875,0.6401950716972351,,1.2094732522964478,0.6047748923301697,1.8846838474273682,,,,,,,,
18,549,,0.5373892784118652,,0.4011306166648865,0.26840871572494507,,0.480712890625,,0.0,0.24040327966213226,,0.25,,1.3505859375,0.6750580072402954,,0.8980998396873474,0.44903114438056946,1.6329011917114258,,,,,,,,
18,550,,,,,,,,,,,,,,,,,,,,0.7032471895217896,0.17577438056468964,1.0048573017120361,0.5506631135940552,0.27586206793785095,1.6431169509887695,1.1278382539749146,2.2389371395111084
18,550,0.7132843136787415,,0.15613871812820435,,,0.8577268123626709,,0.44726431369781494,,,0.4568965435028076,,1.458799123764038,,,0.9258329272270203,,,,,,,,,,,
19,559,,0.853722095489502,,0.06681030988693237,0.4267697334289551,,0.8169493079185486,,0.5,0.40849006175994873,,0.5,,1.658203125,0.8286546468734741,,0.43608129024505615,0.21793417632579803,1.8818485736846924,,,,,,,,
19,569,,0.7890931367874146,,-0.06195032596588135,0.39441317319869995,,1.152958631515503,,0.6666666269302368,0.5764672756195068,,0.25,,1.8642578125,0.9315361380577087,,1.108069658279419,0.5540557503700256,2.456472396850586,,,,,,,,
19,579,,0.6599975824356079,,0.42343658208847046,0.3297804892063141,,1.4633846282958984,,-0.3333333730697632,0.731658935546875,,0.0,,2.08984375,1.0441644191741943,,1.5482628345489502,0.7742400169372559,2.8798439502716064,,,,,,,,
19,579,,,,,,,,,,,,,,,,,,,,0.7045212388038635,0.1748201698064804,0.7673119902610779,0.6380952000617981,0.24137930572032928,1.4793912172317505,1.1191447973251343,2.0347015857696533
19,579,0.7729066014289856,,0.06819446384906769,,,0.9088899493217468,,0.5056902766227722,,,0.3534482717514038,,1.556455373764038,,,0.9152827262878418,,,,,,,,,,,
20,589,,0.7459054589271545,,0.21036046743392944,0.37278738617897034,,1.2722338438034058,,0.19999998807907104,0.6360987424850464,,0.25,,1.65234375,0.8257126808166504,,0.6906148195266724,0.3452446162700653,2.1798434257507324,,,,,,,,
20,599,,0.6958008408546448,,0.013243913650512695,0.34769976139068604,,0.48367488384246826,,1.0,0.24186910688877106,,1.0,,0.84228515625,0.42125561833381653,,0.0,-0.00020581060380209237,1.0106186866760254,,,,,,,,
20,608,,,,,,,,,,,,,,,,,,,,0.6990533471107483,0.1801348626613617,0.910150408744812,0.5506631135940552,0.3103448152542114,1.5234375,1.1281453371047974,2.1298470497131348
20,608,0.7158381342887878,,0.10597486048936844,,,0.841638445854187,,0.45264968276023865,,,0.3965517282485962,,1.4883991479873657,,,0.8654322028160095,,,,,,,,,,,
21,609,,0.6259775757789612,,0.0909733772277832,0.312738835811615,,1.2976701259613037,,0.0,0.6488184928894043,,0.0,,2.2734375,1.1358002424240112,,0.8476622104644775,0.4237993359565735,2.5211570262908936,,,,,,,,
21,619,,0.749008297920227,,0.03797554969787598,0.3743344843387604,,0.4383091926574707,,1.0,0.21918413043022156,,0.75,,0.9599609375,0.4800103008747101,,1.663182258605957,0.8317316174507141,1.905260443687439,,,,,,,,
21,629,,0.6804850101470947,,0.10619974136352539,0.34002363681793213,,1.055387258529663,,0.0,0.5276910066604614,,0.25,,1.794921875,0.8968737721443176,,0.8872819542884827,0.4436166286468506,2.208205223083496,,,,,,,,
21,637,,,,,,,,,,,,,,,,,,,,0.7035071849822998,0.16733679175376892,0.6918399333953857,0.6149551868438721,0.3103448152542114,1.4588496685028076,1.1513046026229858,2.002248764038086
21,637,0.6907944083213806,,0.10670129209756851,,,0.7433368563652039,,0.5489140152931213,,,0.4913793206214905,,1.3625741004943848,,,0.8930219411849976,,,,,,,,,,,
22,639,,0.7754273414611816,,-0.1117938756942749,0.3875579833984375,,0.7392069101333618,,0.8571428656578064,0.3696138858795166,,1.0,,1.02880859375,0.5143833160400391,,0.9105170369148254,0.455238938331604,1.7267941236495972,,,,,,,,
22,649,,1.205148458480835,,0.06239485740661621,0.6027191281318665,,1.4289488792419434,,0.0,0.7144596576690674,,0.75,,1.7265625,0.8627319931983948,,1.4228544235229492,0.7115210890769958,2.8914318084716797,,,,,,,,
22,659,,0.7643556594848633,,-0.029828190803527832,0.38201048970222473,,1.0717582702636719,,0.8571428656578064,0.5358771085739136,,0.5,,1.591796875,0.79544597864151,,0.34615451097488403,0.17293056845664978,1.8862642049789429,,,,,,,,
22,666,,,,,,,,,,,,,,,,,,,,0.7047927975654602,0.16182325780391693,0.8274573087692261,0.7228242754936218,0.3103448152542114,1.4698948860168457,1.173089623451233,2.0870866775512695
22,666,0.7578309774398804,,0.03746103495359421,,,0.8504347205162048,,0.5522230267524719,,,0.4655172526836395,,1.457216501235962,,,0.8641344308853149,,,,,,,,,,,
23,669,,0.6352132558822632,,0.14392215013504028,0.31734418869018555,,1.0628963708877563,,0.0,0.5314467549324036,,0.0,,1.5390625,0.7691141963005066,,0.0,-0.00023032691387925297,1.6176748275756836,,,,,,,,
23,679,,0.8510596752166748,,-0.03533327579498291,0.42542168498039246,,1.3158440589904785,,-0.09090912342071533,0.6579169631004333,,0.25,,1.861328125,0.9299894571304321,,0.8787386417388916,0.4393409490585327,2.452669143676758,,,,,,,,
23,689,,0.8322046399116516,,0.0005173087120056152,0.4159790575504303,,0.5145881175994873,,0.75,0.2572985887527466,,0.25,,1.572998046875,0.7860456705093384,,0.6360742449760437,0.31795063614845276,1.7772738933563232,,,,,,,,
23,695,,,,,,,,,,,,,,,,,,,,0.7069587111473083,0.15854230523109436,0.658119261264801,0.6596059203147888,0.3103448152542114,1.423087239265442,1.0982810258865356,1.9426939487457275
23,695,0.7429802417755127,,0.10318202525377274,,,0.8158670663833618,,0.527839720249176,,,0.3965517282485962,,1.4557011127471924,,,1.0240017175674438,,,,,,,,,,,
24,699,,0.8177523612976074,,-0.1276630163192749,0.40874072909355164,,0.5759179592132568,,0.800000011920929,0.28796064853668213,,0.5,,1.3720703125,0.6857375502586365,,0.4762563705444336,0.23800209164619446,1.6204410791397095,,,,,,,,
24,709,,0.8515489101409912,,-0.011585712432861328,0.4256630539894104,,1.0128488540649414,,0.75,0.5064244270324707,,0.25,,1.3525390625,0.6759846806526184,,1.0487570762634277,0.524390459060669,2.132462501525879,,,,,,,,
24,719,,0.8320523500442505,,-0.08528923988342285,0.415898859500885,,0.6215639710426331,,0.800000011920929,0.3107796609401703,,0.75,,1.2529296875,0.6262587904930115,,0.6739766597747803,0.3369086682796478,1.6898460388183594,,,,,,,,
24,724,,,,,,,,,,,,,,,,,,,,0.7043551206588745,0.16151556372642517,0.6861538290977478,0.6688012480735779,0.27586206793785095,1.470366358757019,1.1374127864837646,1.9985630512237549
24,724,0.7647346258163452,,0.05613134801387787,,,0.8648874163627625,,0.4457531273365021,,,0.4655172526836395,,1.4283405542373657,,,0.9002767205238342,,,,,,,,,,,
25,729,,0.7597278356552124,,0.09086048603057861,0.3796796500682831,,0.619376540184021,,0.0,0.30968424677848816,,0.75,,1.3193359375,0.659404993057251,,0.7990072965621948,0.3994538486003876,1.748222827911377,,,,,,,,
25,739,,0.7630237936973572,,0.10062330961227417,0.3813280761241913,,0.5733277797698975,,0.8333333134651184,0.28665703535079956,,0.25,,1.3857421875,0.6925498247146606,,0.6468189358711243,0.32332026958465576,1.6838552951812744,,,,,,,,
25,749,,0.3036263883113861,,1.0,0.1512656807899475,,0.1886787712574005,,1.0,0.09432142227888107,,0.5,,1.01904296875,0.5095061659812927,,0.8636419177055359,0.43178591132164,1.1868791580200195,,,,,,,,
25,753,,,,,,,,,,,,,,,,,,,,0.7035064697265625,0.16178469359874725,0.8757959604263306,0.6715927124023438,0.3103448152542114,1.556303858757019,1.2299662828445435,2.182137966156006
25,753,0.6950012445449829,,0.16914021968841553,,,0.7785672545433044,,0.5231564044952393,,,0.4655172526836395,,1.3851780891418457,,,0.9960659742355347,,,,,,,,,,,
26,759,,0.8117506504058838,,-0.10746252536773682,0.4057261049747467,,0.41070085763931274,,1.0,0.20533372461795807,,0.75,,1.0703125,0.5350971221923828,,0.797040581703186,0.3984675705432892,1.5446244478225708,,,,,,,,
26,769,,0.7195478677749634,,0.03568297624588013,0.359548956155777,,0.8305902481079102,,0.5555555820465088,0.41528958082199097,,0.25,,1.91796875,0.9581959843635559,,0.5826693177223206,0.2912246882915497,2.024259328842163,,,,,,,,
26,779,,0.1621522754430771,,1.0,0.08039578795433044,,0.7029361724853516,,1.0,0.35145673155784607,,0.5,,1.486328125,0.7427427172660828,,1.1520357131958008,0.5760586261749268,1.750653862953186,,,,,,,,
26,782,,,,,,,,,,,,,,,,,,,,0.7056660056114197,0.16218358278274536,0.8557035326957703,0.6488568782806396,0.27586206793785095,1.5775188207626343,1.218803882598877,2.178157329559326
26,782,0.6913745999336243,,0.11939892172813416,,,0.8604122400283813,,0.4631018340587616,,,0.4396551847457886,,1.4988213777542114,,,0.803740382194519,,,,,,,,,,,
27,789,,0.8595938682556152,,0.07191592454910278,0.42968228459358215,,0.5526341199874878,,0.8333333134651184,0.2762969434261322,,0.5,,1.234375,0.6169827580451965,,0.6593533754348755,0.3295842409133911,1.6525461673736572,,,,,,,,
27,799,,0.7581615447998047,,0.03185868263244629,0.37888091802597046,,0.6614117622375488,,0.5,0.3306885063648224,,0.5,,1.49609375,0.7476089000701904,,1.164958119392395,0.5825247168540955,2.039703130722046,,,,,,,,
27,809,,0.9977757930755615,,-0.10489559173583984,0.49888676404953003,,0.3563552498817444,,1.0,0.17814092338085175,,0.75,,0.61474609375,0.3077179491519928,,0.6678376197814941,0.33382630348205566,1.318571925163269,,,,,,,,
27,811,,,,,,,,,,,,,,,,,,,,0.6968703866004944,0.1759500503540039,0.7970786094665527,0.6906403303146362,0.3103448152542114,1.4597588777542114,1.1643744707107544,2.058410406112671
27,811,0.7201168537139893,,0.12434691190719604,,,0.865605890750885,,0.48487958312034607,,,0.37068966031074524,,1.5165847539901733,,,0.918281078338623,,,,,,,,,,,
28,819,,1.0134334564208984,,0.08318436145782471,0.5067288279533386,,1.5548481941223145,,-0.3999999761581421,0.7774593234062195,,0.0,,2.119140625,1.0585612058639526,,0.9765435457229614,0.4882652163505554,2.831014633178711,,,,,,,,
28,829,,0.5894665718078613,,0.21589601039886475,0.2943829298019409,,0.7631242871284485,,-0.3333333730697632,0.38154569268226624,,0.25,,1.3544921875,0.6769235730171204,,0.5562265515327454,0.2779858112335205,1.6308380365371704,,,,,,,,
28,839,,0.7496522665023804,,0.012489616870880127,0.3746105432510376,,0.3748531937599182,,1.0,0.1873786747455597,,0.5,,1.3798828125,0.6895925998687744,,0.0,-0.00029194116359576583,1.2512898445129395,,,,,,,,
28,840,,,,,,,,,,,,,,,,,,,,0.6945919394493103,0.1761186271905899,0.8557981848716736,0.6679044961929321,0.27586206793785095,1.5635775327682495,1.1698333024978638,2.1411566734313965
28,840,0.6659509539604187,,0.2169230431318283,,,0.7989059686660767,,0.6030091047286987,,,0.43103447556495667,,1.4154767990112305,,,0.9195781946182251,,,,,,,,,,,
29,849,,0.5277799963951111,,0.2904301881790161,0.26347851753234863,,0.4160021245479584,,1.0,0.20795217156410217,,0.75,,0.85791015625,0.4290879964828491,,0.9019672870635986,0.4509546160697937,1.351473331451416,,,,,,,,
29,859,,0.6917902231216431,,-0.006638288497924805,0.34562405943870544,,1.2621543407440186,,0.375,0.6311008334159851,,0.25,,1.9921875,0.995164155960083,,1.4892140626907349,0.7447551488876343,2.716644287109375,,,,,,,,
29,869,,0.7426530122756958,,-0.010605692863464355,0.37109827995300293,,0.6482669115066528,,0.800000011920929,0.3240998089313507,,0.25,,1.708984375,0.8538228273391724,,1.221118450164795,0.6106270551681519,2.1596479415893555,,,,,,,,
29,869,,,,,,,,,,,,,,,,,,,,0.6979079246520996,0.17829932272434235,0.7051136493682861,0.7458127737045288,0.3103448152542114,1.4410358667373657,1.1403086185455322,1.9915130138397217
29,869,0.6572665572166443,,0.1784895360469818,,,0.8159587383270264,,0.6325197815895081,,,0.43103447556495667,,1.426016926765442,,,0.8821097016334534,,,,,,,,,,,
30,879,,1.2973344326019287,,-0.09198117256164551,0.6489351987838745,,0.8940143585205078,,0.75,0.4469963610172272,,0.75,,1.5263671875,0.7626826167106628,,1.3984060287475586,0.6993256211280823,2.5579400062561035,,,,,,,,
30,889,,0.7339689135551453,,4.45246696472168e-05,0.36674386262893677,,1.2159411907196045,,0.0,0.6079941391944885,,0.25,,1.810546875,0.9044948816299438,,1.4494054317474365,0.7248426079750061,2.6040754318237305,,,,,,,,
30,898,,,,,,,,,,,,,,,,,,,,0.6932880282402039,0.18607626855373383,0.7118592262268066,0.7642036080360413,0.3103448152542114,1.462217092514038,1.119896650314331,1.992907166481018
30,898,0.7496412396430969,,0.10701209306716919,,,0.881105899810791,,0.43087366223335266,,,0.42241379618644714,,1.4851832389831543,,,0.8841801881790161,,,,,,,,,,,
31,899,,0.5983638167381287,,0.23849701881408691,0.2988143861293793,,0.5195682048797607,,0.8333333134651184,0.2597285509109497,,0.5,,1.1416015625,0.5706643462181091,,0.5248157382011414,0.26225724816322327,1.3914645910263062,,,,,,,,
31,909,,0.823351263999939,,-0.19552338123321533,0.41151273250579834,,0.2411641627550125,,1.0,0.12048879265785217,,0.25,,1.78271484375,0.8905921578407288,,1.3547545671463013,0.6774922013282776,2.100085735321045,,,,,,,,
31,919,,0.8590470552444458,,-0.02697908878326416,0.4293925166130066,,1.1810225248336792,,0.1666666865348816,0.5905346274375916,,0.25,,1.857421875,0.9278647303581238,,0.9480599164962769,0.4740130305290222,2.421804904937744,,,,,,,,
31,927,,,,,,,,,,,,,,,,,,,,0.6973410844802856,0.1889968365430832,0.8009759783744812,0.7309585809707642,0.27586206793785095,1.4999326467514038,1.1731833219528198,2.084965944290161
31,927,0.7142971158027649,,0.10161622613668442,,,0.7203786373138428,,0.625041127204895,,,0.4655172526836395,,1.3677431344985962,,,0.9459889531135559,,,,,,,,,,,
32,929,,0.6176973581314087,,0.04431712627410889,0.3084885776042938,,0.2770650386810303,,1.0,0.13843515515327454,,0.75,,0.84228515625,0.4213007390499115,,1.0068120956420898,0.5034084320068359,1.3716329336166382,,,,,,,,
32,939,,0.9116237163543701,,0.14222675561904907,0.45572856068611145,,1.0200281143188477,,0.0,0.5100169777870178,,0.25,,1.76953125,0.8839942216873169,,1.0997231006622314,0.5498952269554138,2.399635076522827,,,,,,,,
32,949,,0.5375421047210693,,0.2811759114265442,0.26832735538482666,,0.4814565181732178,,0.8333333134651184,0.24065177142620087,,0.25,,1.4619140625,0.7304906249046326,,1.4417535066604614,0.7210274338722229,1.960497260093689,,,,,,,,
32,956,,,,,,,,,,,,,,,,,,,,0.6986349821090698,0.1837383359670639,0.6791694164276123,0.7642036080360413,0.37931033968925476,1.4325835704803467,1.1789369583129883,1.993944525718689
32,956,0.7245556116104126,,0.06704513728618622,,,0.7192132472991943,,0.6713942885398865,,,0.3965517282485962,,1.412900686264038,,,0.9630204439163208,,,,,,,,,,,
33,959,,1.1695889234542847,,-0.22218704223632812,0.5849597454071045,,1.075850486755371,,0.5555555820465088,0.5379369854927063,,0.5,,1.50732421875,0.7531455755233765,,1.4516685009002686,0.7259883880615234,2.6020307540893555,,,,,,,,
33,969,,0.857998251914978,,0.027606070041656494,0.42886123061180115,,0.7292728424072266,,0.0,0.36459285020828247,,0.75,,1.333984375,0.666649580001831,,1.2248203754425049,0.612487256526947,2.0725908279418945,,,,,,,,
33,979,,0.5832926034927368,,0.2540889382362366,0.29123634099960327,,0.8214543461799622,,0.4285714030265808,0.41069716215133667,,0.5,,1.40234375,0.7007554173469543,,1.0676257610321045,0.5338364243507385,1.9365253448486328,,,,,,,,
33,985,,,,,,,,,,,,,,,,,,,,0.6877443194389343,0.19093114137649536,0.7008512616157532,0.7642036080360413,0.27586206793785095,1.4384429454803467,1.1091697216033936,1.9673248529434204
33,985,0.7281197905540466,,0.11809816211462021,,,0.6725831627845764,,0.6488729119300842,,,0.47413793206214905,,1.3397258520126343,,,0.9037590026855469,,,,,,,,,,,
34,989,,0.5486669540405273,,1.0,0.27388525009155273,,0.9111306071281433,,0.5,0.45554977655410767,,0.25,,1.857421875,0.9278144836425781,,1.024046540260315,0.5120317935943604,2.169281244277954,,,,,,,,
34,999,,0.7801083326339722,,-0.12082779407501221,0.38983434438705444,,0.30175718665122986,,1.0,0.1507505476474762,,0.75,,0.6669921875,0.3338486850261688,,1.0546231269836426,0.5273310542106628,1.4017646312713623,,,,,,,,
34,1009,,0.5664880275726318,,0.16666913032531738,0.2828061580657959,,0.1338406354188919,,1.0,0.06675481796264648,,0.5,,0.703125,0.35187944769859314,,0.28567934036254883,0.1425831913948059,0.844023585319519,,,,,,,,
34,1014,,,,,,,,,,,,,,,,,,,,0.69975346326828,0.1848963350057602,0.6222671270370483,0.7953264713287354,0.3448275923728943,1.3842267990112305,1.1025426387786865,1.9036445617675781
34,1014,0.7155883312225342,,0.12468515336513519,,,0.7626842260360718,,0.6152414679527283,,,0.47413793206214905,,1.3365436792373657,,,0.8495293855667114,,,,,,,,,,,
35,1019,,0.6075633764266968,,0.21998977661132812,0.3033820688724518,,0.5701562166213989,,0.75,0.2849927544593811,,0.5,,1.32861328125,0.6639555096626282,,1.0923244953155518,0.5461959838867188,1.7985262870788574,,,,,,,,
35,1029,,0.6864070892333984,,0.2502608895301819,0.3428816497325897,,0.4538959264755249,,0.75,0.22683492302894592,,0.5,,1.2353515625,0.6174226403236389,,2.255084991455078,1.1280072927474976,2.3151464462280273,,,,,,,,
35,1039,,0.8861700892448425,,-0.17233192920684814,0.44296795129776,,1.7256395816802979,,0.5555555820465088,0.8629751801490784,,0.25,,1.8623046875,0.9302147626876831,,0.7790307998657227,0.38943248987197876,2.6255903244018555,,,,,,,,
35,1043,,,,,,,,,,,,,,,,,,,,0.6981222629547119,0.1812569499015808,0.6802395582199097,0.7493495345115662,0.27586206793785095,1.4103583097457886,1.1426422595977783,1.9649056196212769
35,1043,0.710272490978241,,0.182233989238739,,,0.8032148480415344,,0.6402609348297119,,,0.43103447556495667,,1.4657697677612305,,,0.7744289040565491,,,,,,,,,,,
36,1049,,0.6346431374549866,,0.2715131640434265,0.3169407248497009,,0.7621393799781799,,0.75,0.3810172379016876,,0.5,,1.4453125,0.7221691012382507,,0.7217960357666016,0.3607921302318573,1.7809193134307861,,,,,,,,
36,1059,,0.6735699772834778,,0.14613336324691772,0.3364422023296356,,0.7891983389854431,,0.6363636255264282,0.3945513665676117,,0.5,,1.01611328125,0.5080400705337524,,1.1093226671218872,0.5547037720680237,1.7937374114990234,,,,,,,,
36,1069,,0.7527140974998474,,-0.031946778297424316,0.3760955333709717,,0.6009100079536438,,0.8333333134651184,0.3003618121147156,,0.5,,1.1689453125,0.5842857956886292,,1.3536462783813477,0.6769618988037109,1.9377050399780273,,,,,,,,
36,1072,,,,,,,,,,,,,,,,,,,,0.6971138119697571,0.18484102189540863,0.6776480674743652,0.7493495345115662,0.27586206793785095,1.4238954782485962,1.121529459953308,1.9592713117599487
36,1072,0.7170949578285217,,0.14245720207691193,,,0.8098483681678772,,0.6213091611862183,,,0.36206895112991333,,1.4509950876235962,,,1.0125913619995117,,,,,,,,,,,
37,1079,,0.9334496855735779,,-0.0761638879776001,0.4666547179222107,,0.9574616551399231,,0.4285714030265808,0.47872060537338257,,0.25,,1.806640625,0.9024170637130737,,0.8463778495788574,0.4231279194355011,2.2709202766418457,,,,,,,,
37,1089,,0.6380887627601624,,0.12425744533538818,0.3186546862125397,,1.0955536365509033,,0.0,0.5478007793426514,,0.0,,2.021484375,1.0095891952514648,,0.8942813873291016,0.4470979869365692,2.3231427669525146,,,,,,,,
37,1099,,0.7097338438034058,,0.1286524534225464,0.3545522093772888,,0.31104522943496704,,1.0,0.15534533560276031,,0.25,,1.0859375,0.5428721904754639,,0.5155233144760132,0.2575633227825165,1.310333013534546,,,,,,,,
37,1101,,,,,,,,,,,,,,,,,,,,0.692223072052002,0.1969856321811676,0.725577175617218,0.7416330575942993,0.37931033968925476,1.4226832389831543,1.1613457202911377,2.0000946521759033
37,1101,0.7266867160797119,,0.0945100486278534,,,0.7024766802787781,,0.6097912788391113,,,0.43103447556495667,,1.3393049240112305,,,0.8021191358566284,,,,,,,,,,,
38,1109,,0.6868178248405457,,0.0018129944801330566,0.3430667817592621,,0.8244127035140991,,0.0,0.41215988993644714,,0.75,,0.99560546875,0.4978090822696686,,0.9222941398620605,0.4611149728298187,1.7141507863998413,,,,,,,,
38,1119,,0.8229403495788574,,-0.026989221572875977,0.41127580404281616,,0.5164942741394043,,0.8333333134651184,0.2581154406070709,,0.5,,1.201171875,0.6003552079200745,,0.7598366737365723,0.37981757521629333,1.6495640277862549,,,,,,,,
38,1129,,0.8275294303894043,,0.16565871238708496,0.4135739803314209,,0.2696923315525055,,1.0,0.13464197516441345,,0.75,,0.876953125,0.4386208653450012,,1.256044626235962,0.6281315684318542,1.6149682998657227,,,,,,,,
38,1130,,,,,,,,,,,,,,,,,,,,0.6899011135101318,0.20356780290603638,0.7454413771629333,0.7573070526123047,0.3103448152542114,1.5165679454803467,1.193267822265625,2.0716562271118164
38,1130,0.7096105217933655,,0.12707947194576263,,,0.6996651887893677,,0.6585830450057983,,,0.4568965435028076,,1.3521181344985962,,,0.847051203250885,,,,,,,,,,,
39,1139,,0.6729127764701843,,0.055557429790496826,0.3360910713672638,,0.27366334199905396,,1.0,0.13662351667881012,,1.0,,0.7685546875,0.3845493793487549,,1.1670396327972412,0.5835921168327332,1.4408559799194336,,,,,,,,
39,1149,,0.7877099514007568,,0.08276963233947754,0.39361661672592163,,0.46988868713378906,,0.8571428656578064,0.23478834331035614,,0.5,,1.0849609375,0.5423818826675415,,0.7279812693595886,0.36387279629707336,1.5346596240997314,,,,,,,,
39,1159,,0.7570003271102905,,-0.043689608573913574,0.37822526693344116,,0.7060847282409668,,0.5555555820465088,0.3529540002346039,,0.5,,1.263671875,0.6315248608589172,,0.3695724904537201,0.1845121681690216,1.5472161769866943,,,,,,,,
39,1159,,,,,,,,,,,,,,,,,,,,0.6916064023971558,0.19154614210128784,0.8468387722969055,0.7074986100196838,0.3448275923728943,1.570649266242981,1.1399142742156982,2.1234946250915527
39,1159,0.698712944984436,,0.16631783545017242,,,0.6236955523490906,,0.7264378070831299,,,0.47413793206214905,,1.299653172492981,,,0.8206418752670288,,,,,,,,,,,
40,1169,,0.8045132160186768,,0.007667243480682373,0.4020339846611023,,0.9550466537475586,,0.5,0.47750958800315857,,0.25,,1.74853515625,0.8733755946159363,,0.7153878211975098,0.3575689196586609,2.110488176345825,,,,,,,,
40,1179,,0.726338267326355,,0.1304394006729126,0.3628547191619873,,0.60074782371521,,1.0,0.3002488911151886,,0.75,,1.306640625,0.6529532074928284,,0.8539888858795166,0.4269297122955322,1.7429865598678589,,,,,,,,
40,1188,,,,,,,,,,,,,,,,,,,,0.6905598044395447,0.19510827958583832,0.6058749556541443,0.7769356966018677,0.27586206793785095,1.3857085704803467,1.1146107912063599,1.8974785804748535
40,1188,0.7243667840957642,,0.12006768584251404,,,0.7439475655555725,,0.6467705965042114,,,0.48275861144065857,,1.3510236740112305,,,0.8755112290382385,,,,,,,,,,,
41,1189,,0.8161739110946655,,-0.08914268016815186,0.40787452459335327,,0.6936387419700623,,0.5,0.34672117233276367,,0.75,,1.3203125,0.659770131111145,,0.9993687868118286,0.49968427419662476,1.9140501022338867,,,,,,,,
41,1199,,0.8488354682922363,,0.09966671466827393,0.4242418706417084,,0.3547207713127136,,0.75,0.17714840173721313,,0.75,,0.86474609375,0.43253931403160095,,1.0285961627960205,0.5143113136291504,1.5482409000396729,,,,,,,,
41,1209,,0.6894354820251465,,0.0603710412979126,0.34435227513313293,,0.5518795251846313,,0.6666666269302368,0.2757892310619354,,0.5,,1.196044921875,0.5977837443351746,,0.3837037980556488,0.19156977534294128,1.4094949960708618,,,,,,,,
41,1217,,,,,,,,,,,,,,,,,,,,0.685727596282959,0.20125780999660492,0.8402718305587769,0.7343185544013977,0.3103448152542114,1.5819638967514038,1.218032956123352,2.1619575023651123
41,1217,0.7020880579948425,,0.14897458255290985,,,0.6844709515571594,,0.6232108473777771,,,0.47413793206214905,,1.3519328832626343,,,0.7548573017120361,,,,,,,,,,,
42,1219,,0.799708366394043,,-0.10388064384460449,0.3996173143386841,,0.1180194541811943,,1.0,0.0587078221142292,,0.5,,1.05859375,0.5292261838912964,,3.56656813621521,1.7844760417938232,2.7720274925231934,,,,,,,,
42,1229,,0.6450759768486023,,0.30332279205322266,0.3221140205860138,,1.1615370512008667,,0.19999998807907104,0.5808250904083252,,0.5,,2.009765625,1.003631591796875,,0.30366694927215576,0.15150794386863708,2.0580787658691406,,,,,,,,
42,1239,,0.5407170057296753,,0.2253636121749878,0.26980507373809814,,0.265462189912796,,1.0,0.13246826827526093,,0.5,,1.01220703125,0.5060898065567017,,0.8548564910888672,0.4273597300052643,1.3357229232788086,,,,,,,,
42,1246,,,,,,,,,,,,,,,,,,,,0.6931925415992737,0.18916070461273193,0.7663289308547974,0.7573070526123047,0.3448275923728943,1.5544854402542114,1.2104312181472778,2.11116886138916
42,1246,0.715281069278717,,0.15015104413032532,,,0.6427930593490601,,0.6924690008163452,,,0.5,,1.2837166786193848,,,0.8553770184516907,,,,,,,,,,,
43,1249,,0.7464261054992676,,0.0231437087059021,0.372905969619751,,0.3723506033420563,,0.8571428656578064,0.1859460175037384,,0.75,,0.84228515625,0.4213424623012543,,0.5169676542282104,0.25825226306915283,1.2384467124938965,,,,,,,,
43,1259,,0.5694680213928223,,0.20932048559188843,0.2842077910900116,,0.6002287268638611,,0.5,0.2999657094478607,,0.75,,0.81640625,0.40843701362609863,,0.649644136428833,0.3246517479419708,1.3172622919082642,,,,,,,,
43,1269,,0.6721851825714111,,0.2558014392852783,0.335689514875412,,0.2969300150871277,,0.8333333134651184,0.1481982320547104,,0.75,,0.955078125,0.4775978922843933,,0.3019247055053711,0.1506194919347763,1.112105131149292,,,,,,,,
43,1275,,,,,,,,,,,,,,,,,,,,0.678592324256897,0.20390181243419647,0.7827904224395752,0.7573070526123047,0.3103448152542114,1.4901670217514038,1.197420597076416,2.073476552963257
43,1275,0.6691844463348389,,0.21795469522476196,,,0.6547255516052246,,0.642968475818634,,,0.4655172526836395,,1.3358533382415771,,,0.7961434721946716,,,,,,,,,,,
44,1279,,0.6506012082099915,,0.3120459318161011,0.3248678147792816,,0.9273281097412109,,0.6666666269302368,0.46363598108291626,,0.25,,1.3740234375,0.6865337491035461,,1.507105827331543,0.7538048028945923,2.228842258453369,,,,,,,,
44,1289,,0.8196979761123657,,0.25384974479675293,0.40962478518486023,,1.0311002731323242,,0.6666666269302368,0.5155625939369202,,0.0,,1.61328125,0.8058508038520813,,0.6698191165924072,0.3347446322441101,2.0657827854156494,,,,,,,,
44,1299,,0.7523951530456543,,0.04012089967727661,0.37588706612586975,,0.4828478693962097,,1.0,0.24121567606925964,,0.5,,1.00830078125,0.5041413307189941,,0.31273674964904785,0.15602333843708038,1.2772674560546875,,,,,,,,
44,1304,,,,,,,,,,,,,,,,,,,,0.6812541484832764,0.21092408895492554,0.6116486191749573,0.7642036080360413,0.27586206793785095,1.4205280542373657,1.166039228439331,1.9387125968933105
44,1304,0.7001751661300659,,0.13848036527633667,,,0.6696789860725403,,0.7484622001647949,,,0.3965517282485962,,1.285947561264038,,,0.9969120025634766,,,,,,,,,,,
45,1309,,0.8246002197265625,,-0.10074412822723389,0.4120790660381317,,1.3970069885253906,,0.0,0.698667049407959,,0.25,,1.9482421875,0.9728835225105286,,1.3540713787078857,0.6772159337997437,2.760845422744751,,,,,,,,
45,1319,,0.6055035591125488,,0.17324095964431763,0.3022494316101074,,1.1149201393127441,,0.0,0.5575083494186401,,0.0,,1.712890625,0.8555096983909607,,1.4952315092086792,0.7478703260421753,2.463137626647949,,,,,,,,
45,1329,,0.13721249997615814,,1.0,0.06749860942363739,,0.28603315353393555,,1.0,0.1427130252122879,,0.75,,0.9609375,0.48052218556404114,,1.1165605783462524,0.558340847492218,1.2490745782852173,,,,,,,,
45,1333,,,,,,,,,,,,,,,,,,,,0.6780148148536682,0.21028457581996918,0.6202957630157471,0.7493495345115662,0.3448275923728943,1.3247575759887695,1.176376461982727,1.8988090753555298
45,1333,0.7025807499885559,,0.1708846092224121,,,0.7945729494094849,,0.5396551489830017,,,0.43103447556495667,,1.3967705965042114,,,0.8376539349555969,,,,,,,,,,,
46,1339,,0.0,,1.0,-0.0012929626973345876,,0.45959770679473877,,1.0,0.22956548631191254,,0.5,,1.09814453125,0.5489435195922852,,1.093256950378418,0.5466775298118591,1.3238935470581055,,,,,,,,
46,1349,,0.6443006992340088,,0.1635054349899292,0.32168862223625183,,0.2026371955871582,,1.0,0.10096922516822815,,1.0,,0.88623046875,0.44326919317245483,,1.0109922885894775,0.5055022835731506,1.371429443359375,,,,,,,,
46,1359,,0.737769365310669,,0.03931140899658203,0.36854279041290283,,0.1967809945344925,,1.0,0.09803364425897598,,0.75,,0.81005859375,0.40528640151023865,,0.0,-0.000534909893758595,0.8713279366493225,,,,,,,,
46,1362,,,,,,,,,,,,,,,,,,,,0.6832723021507263,0.20626643300056458,0.5954228043556213,0.7953264713287354,0.4137931168079376,1.2979525327682495,1.211103916168213,1.8929951190948486
46,1362,0.709515392780304,,0.13252952694892883,,,0.7318920493125916,,0.5880983471870422,,,0.5,,1.3192349672317505,,,0.7818905115127563,,,,,,,,,,,
47,1369,,0.6114563345909119,,0.2112777829170227,0.30521807074546814,,0.7022224068641663,,0.6363636255264282,0.3509772717952728,,0.5,,1.108642578125,0.5541763305664062,,1.0826925039291382,0.541391134262085,1.751762866973877,,,,,,,,
47,1379,,0.7274703979492188,,0.06119430065155029,0.36337581276893616,,1.0278346538543701,,-0.25,0.5139302015304565,,0.5,,1.2685546875,0.6339144110679626,,0.9414983987808228,0.4707176983356476,1.9819380044937134,,,,,,,,
47,1389,,0.7365119457244873,,-0.007432222366333008,0.3679063618183136,,0.9144663214683533,,0.5,0.4571935832500458,,0.25,,1.9375,0.9674704074859619,,0.0,-0.0005499013932421803,1.7920204401016235,,,,,,,,
47,1391,,,,,,,,,,,,,,,,,,,,0.6810195446014404,0.2083083540201187,0.6686515808105469,0.7504104971885681,0.3448275923728943,1.4326508045196533,1.1650859117507935,1.9726256132125854
47,1391,0.6662375330924988,,0.13682612776756287,,,0.62202388048172,,0.6801948547363281,,,0.5258620977401733,,1.2862590551376343,,,0.7567645907402039,,,,,,,,,,,
48,1399,,0.6400068998336792,,0.14368706941604614,0.31952202320098877,,0.16318421065807343,,1.0,0.08119648694992065,,1.0,,0.46630859375,0.23388996720314026,,0.3164268732070923,0.1578327715396881,0.7924412488937378,,,,,,,,
48,1409,,0.5985842347145081,,0.12001007795333862,0.2987514138221741,,0.17442336678504944,,1.0,0.08681455999612808,,0.5,,1.0361328125,0.518018364906311,,1.3735136985778809,0.6869673132896423,1.5905516147613525,,,,,,,,
48,1419,,0.22996559739112854,,1.0,0.11393769830465317,,0.19791913032531738,,1.0,0.09856855124235153,,0.75,,0.86962890625,0.4349976181983948,,0.8288529515266418,0.4143296480178833,1.0618335008621216,,,,,,,,
48,1420,,,,,,,,,,,,,,,,,,,,0.677987813949585,0.21646463871002197,0.659331202507019,0.7416330575942993,0.3448275923728943,1.4130523204803467,1.1623656749725342,1.9552853107452393
48,1420,0.6799788475036621,,0.19288857281208038,,,0.7325947284698486,,0.6524851322174072,,,0.4568965435028076,,1.321137547492981,,,0.7818191051483154,,,,,,,,,,,
49,1429,,0.9132157564163208,,0.11547279357910156,0.45649096369743347,,0.9651117920875549,,0.5,0.4825388193130493,,0.5,,1.5556640625,0.7770573496818542,,1.4515444040298462,0.7260313630104065,2.4421184062957764,,,,,,,,
49,1439,,0.6974052786827087,,0.06940120458602905,0.34828799962997437,,0.8651795983314514,,0.6666666269302368,0.4325222074985504,,0.75,,1.3984375,0.6986608505249023,,0.8788450956344604,0.43935292959213257,1.9188239574432373,,,,,,,,
49,1449,,0.8021934032440186,,-0.07298386096954346,0.40082475543022156,,0.6971170902252197,,0.8333333134651184,0.34840407967567444,,0.5,,1.388671875,0.6937890648841858,,0.0,-0.0005825106054544449,1.4424355030059814,,,,,,,,
49,1449,,,,,,,,,,,,,,,,,,,,0.6776154637336731,0.22076639533042908,0.639746367931366,0.7416330575942993,0.3448275923728943,1.3731815814971924,1.176807165145874,1.9326246976852417
49,1449,0.7332987189292908,,0.10633573681116104,,,0.7169507741928101,,0.589225709438324,,,0.42241379618644714,,1.3480013608932495,,,0.8369911313056946,,,,,,,,,,,
